"studyid","enroll_dt","subjid","invid","country","enrollyn","subjectid"
"AA-AA-000-0000","2012-01-01","S84908","SITE1982","US","N","XX-S84908"
"AA-AA-000-0000","2012-01-01","S9051","SITE5384","UK","N","XX-S9051"
"AA-AA-000-0000","2012-01-01","S28699","SITE5384","UK","N","XX-S28699"
"AA-AA-000-0000","2012-01-01","S29898","SITE1750","US","Y","XX-S29898"
"AA-AA-000-0000","2012-01-01","S35058","SITE4323","US","Y","XX-S35058"
"AA-AA-000-0000","2012-01-01","S98267","SITE8633","Japan","Y","XX-S98267"
"AA-AA-000-0000","2012-01-01","S22366","SITE213","UK","Y","XX-S22366"
"AA-AA-000-0000","2012-01-01","S43101","SITE213","UK","Y","XX-S43101"
"AA-AA-000-0000","2012-01-01","S75548","SITE180","UK","N","XX-S75548"
"AA-AA-000-0000","2012-01-01","S56847","SITE759","US","Y","XX-S56847"
"AA-AA-000-0000","2012-01-01","S28631","SITE4264","US","Y","XX-S28631"
"AA-AA-000-0000","2012-01-01","S26237","SITE8351","UK","Y","XX-S26237"
"AA-AA-000-0000","2012-01-01","S76871","SITE7983","US","N","XX-S76871"
"AA-AA-000-0000","2012-01-01","S66618","SITE6603","UK","Y","XX-S66618"
"AA-AA-000-0000","2012-01-01","S23661","SITE8625","US","Y","XX-S23661"
"AA-AA-000-0000","2012-01-01","S14522","SITE8633","Japan","N","XX-S14522"
"AA-AA-000-0000","2012-01-01","S18875","SITE180","UK","Y","XX-S18875"
"AA-AA-000-0000","2012-01-01","S47153","SITE8799","UK","Y","XX-S47153"
"AA-AA-000-0000","2012-01-01","S61242","SITE5384","UK","Y","XX-S61242"
"AA-AA-000-0000","2012-01-01","S6700","SITE9360","Japan","Y","XX-S6700"
"AA-AA-000-0000","2012-01-01","S42450","SITE3090","US","N","XX-S42450"
"AA-AA-000-0000","2012-01-01","S33412","SITE6900","Japan","Y","XX-S33412"
"AA-AA-000-0000","2012-01-01","S17427","SITE4323","US","Y","XX-S17427"
"AA-AA-000-0000","2012-01-01","S85511","SITE8517","UK","Y","XX-S85511"
"AA-AA-000-0000","2012-01-01","S40526","SITE2532","US","N","XX-S40526"
"AA-AA-000-0000","2012-01-01","S95738","SITE2170","Japan","Y","XX-S95738"
"AA-AA-000-0000","2012-01-01","S99475","SITE6603","UK","Y","XX-S99475"
"AA-AA-000-0000","2012-01-01","S50653","SITE8351","UK","N","XX-S50653"
"AA-AA-000-0000","2012-01-01","S43843","SITE958","UK","Y","XX-S43843"
"AA-AA-000-0000","2012-01-01","S56618","SITE1982","US","Y","XX-S56618"
"AA-AA-000-0000","2012-01-01","S89142","SITE759","US","Y","XX-S89142"
"AA-AA-000-0000","2012-01-01","S7193","SITE1910","US","Y","XX-S7193"
"AA-AA-000-0000","2012-01-01","S10264","SITE101","UK","N","XX-S10264"
"AA-AA-000-0000","2012-01-01","S6557","SITE8633","Japan","Y","XX-S6557"
"AA-AA-000-0000","2012-01-01","S27433","SITE8351","UK","N","XX-S27433"
"AA-AA-000-0000","2012-01-01","S94352","SITE9360","Japan","Y","XX-S94352"
"AA-AA-000-0000","2012-01-01","S23573","SITE4629","Japan","N","XX-S23573"
"AA-AA-000-0000","2012-01-01","S42745","SITE5895","Japan","Y","XX-S42745"
"AA-AA-000-0000","2012-01-01","S5140","SITE2323","Japan","Y","XX-S5140"
"AA-AA-000-0000","2012-01-01","S13713","SITE9142","Japan","Y","XX-S13713"
"AA-AA-000-0000","2012-01-01","S37519","SITE5384","UK","Y","XX-S37519"
"AA-AA-000-0000","2012-01-01","S72328","SITE4590","US","N","XX-S72328"
"AA-AA-000-0000","2012-01-01","S56659","SITE958","UK","Y","XX-S56659"
"AA-AA-000-0000","2012-01-01","S79133","SITE9580","UK","Y","XX-S79133"
"AA-AA-000-0000","2012-01-01","S9242","SITE9142","Japan","Y","XX-S9242"
"AA-AA-000-0000","2012-01-01","S46333","SITE4323","US","Y","XX-S46333"
"AA-AA-000-0000","2012-01-01","S84022","SITE4485","US","Y","XX-S84022"
"AA-AA-000-0000","2012-01-01","S41703","SITE9346","UK","Y","XX-S41703"
"AA-AA-000-0000","2012-01-01","S50681","SITE4874","Japan","N","XX-S50681"
"AA-AA-000-0000","2012-01-01","S97137","SITE8351","UK","N","XX-S97137"
"AA-AA-000-0000","2012-01-01","S92817","SITE4323","US","Y","XX-S92817"
"AA-AA-000-0000","2012-01-01","S24661","SITE5895","Japan","Y","XX-S24661"
"AA-AA-000-0000","2012-01-01","S69434","SITE8625","US","Y","XX-S69434"
"AA-AA-000-0000","2012-01-01","S14454","SITE4629","Japan","Y","XX-S14454"
"AA-AA-000-0000","2012-01-01","S87114","SITE3090","US","Y","XX-S87114"
"AA-AA-000-0000","2012-01-01","S19608","SITE8764","Japan","N","XX-S19608"
"AA-AA-000-0000","2012-01-01","S79201","SITE7011","US","N","XX-S79201"
"AA-AA-000-0000","2012-01-01","S80827","SITE4485","US","Y","XX-S80827"
"AA-AA-000-0000","2012-01-01","S42441","SITE4590","US","Y","XX-S42441"
"AA-AA-000-0000","2012-01-01","S96425","SITE958","UK","N","XX-S96425"
"AA-AA-000-0000","2012-01-01","S90150","SITE7983","US","Y","XX-S90150"
"AA-AA-000-0000","2012-01-01","S19156","SITE9580","UK","Y","XX-S19156"
"AA-AA-000-0000","2012-01-01","S52428","SITE6405","US","Y","XX-S52428"
"AA-AA-000-0000","2012-01-01","S76017","SITE4959","US","Y","XX-S76017"
"AA-AA-000-0000","2012-01-01","S82517","SITE9346","UK","N","XX-S82517"
"AA-AA-000-0000","2012-01-01","S62190","SITE3909","Japan","Y","XX-S62190"
"AA-AA-000-0000","2012-01-01","S13289","SITE4590","US","Y","XX-S13289"
"AA-AA-000-0000","2012-01-01","S90711","SITE7011","US","Y","XX-S90711"
"AA-AA-000-0000","2012-01-01","S18113","SITE1982","US","Y","XX-S18113"
"AA-AA-000-0000","2012-01-01","S61706","SITE8351","UK","Y","XX-S61706"
"AA-AA-000-0000","2012-01-01","S44160","SITE9142","Japan","Y","XX-S44160"
"AA-AA-000-0000","2012-01-01","S27507","SITE9580","UK","Y","XX-S27507"
"AA-AA-000-0000","2012-01-01","S28543","SITE9737","Japan","Y","XX-S28543"
"AA-AA-000-0000","2012-01-01","S75995","SITE4629","Japan","N","XX-S75995"
"AA-AA-000-0000","2012-01-01","S81402","SITE8764","Japan","Y","XX-S81402"
"AA-AA-000-0000","2012-01-01","S1524","SITE8799","UK","N","XX-S1524"
"AA-AA-000-0000","2012-01-01","S52552","SITE8351","UK","Y","XX-S52552"
"AA-AA-000-0000","2012-01-01","S46976","SITE8517","UK","Y","XX-S46976"
"AA-AA-000-0000","2012-01-01","S1663","SITE7809","Japan","Y","XX-S1663"
"AA-AA-000-0000","2012-01-01","S10169","SITE9346","UK","Y","XX-S10169"
"AA-AA-000-0000","2012-01-01","S34327","SITE7809","Japan","Y","XX-S34327"
"AA-AA-000-0000","2012-01-01","S64268","SITE4590","US","Y","XX-S64268"
"AA-AA-000-0000","2012-01-01","S98820","SITE9142","Japan","Y","XX-S98820"
"AA-AA-000-0000","2012-01-01","S98650","SITE4959","US","Y","XX-S98650"
"AA-AA-000-0000","2012-01-01","S47175","SITE2532","US","Y","XX-S47175"
"AA-AA-000-0000","2012-01-01","S61441","SITE9346","UK","Y","XX-S61441"
"AA-AA-000-0000","2012-01-01","S5199","SITE1257","Japan","Y","XX-S5199"
"AA-AA-000-0000","2012-01-01","S98653","SITE2192","UK","Y","XX-S98653"
"AA-AA-000-0000","2012-01-01","S34157","SITE2170","Japan","Y","XX-S34157"
"AA-AA-000-0000","2012-01-01","S66721","SITE8517","UK","Y","XX-S66721"
"AA-AA-000-0000","2012-01-01","S80104","SITE180","UK","Y","XX-S80104"
"AA-AA-000-0000","2012-01-01","S74519","SITE8351","UK","Y","XX-S74519"
"AA-AA-000-0000","2012-01-01","S15030","SITE9346","UK","Y","XX-S15030"
"AA-AA-000-0000","2012-01-01","S2143","SITE5895","Japan","Y","XX-S2143"
"AA-AA-000-0000","2012-01-01","S3285","SITE9142","Japan","Y","XX-S3285"
"AA-AA-000-0000","2012-01-01","S7395","SITE958","UK","Y","XX-S7395"
"AA-AA-000-0000","2012-01-01","S43474","SITE8625","US","Y","XX-S43474"
"AA-AA-000-0000","2012-01-01","S40145","SITE213","UK","Y","XX-S40145"
"AA-AA-000-0000","2012-01-01","S2856","SITE5384","UK","Y","XX-S2856"
"AA-AA-000-0000","2012-01-01","S52979","SITE958","UK","Y","XX-S52979"
"AA-AA-000-0000","2012-01-01","S76424","SITE759","US","Y","XX-S76424"
"AA-AA-000-0000","2012-01-01","S42412","SITE2192","UK","N","XX-S42412"
"AA-AA-000-0000","2012-01-01","S73715","SITE213","UK","Y","XX-S73715"
"AA-AA-000-0000","2012-01-01","S78132","SITE5033","US","N","XX-S78132"
"AA-AA-000-0000","2012-01-01","S46390","SITE2323","Japan","Y","XX-S46390"
"AA-AA-000-0000","2012-01-01","S91185","SITE6900","Japan","Y","XX-S91185"
"AA-AA-000-0000","2012-01-01","S85279","SITE8799","UK","Y","XX-S85279"
"AA-AA-000-0000","2012-01-01","S35204","SITE3289","US","Y","XX-S35204"
"AA-AA-000-0000","2012-01-01","S74728","SITE5033","US","Y","XX-S74728"
"AA-AA-000-0000","2012-01-01","S83309","SITE4629","Japan","Y","XX-S83309"
"AA-AA-000-0000","2012-01-01","S44278","SITE4323","US","Y","XX-S44278"
"AA-AA-000-0000","2012-01-01","S82502","SITE2192","UK","Y","XX-S82502"
"AA-AA-000-0000","2012-01-01","S6022","SITE6405","US","Y","XX-S6022"
"AA-AA-000-0000","2012-01-01","S31644","SITE101","UK","N","XX-S31644"
"AA-AA-000-0000","2012-01-01","S35306","SITE8633","Japan","Y","XX-S35306"
"AA-AA-000-0000","2012-01-01","S49825","SITE2532","US","Y","XX-S49825"
"AA-AA-000-0000","2012-01-01","S71069","SITE8799","UK","Y","XX-S71069"
"AA-AA-000-0000","2012-01-01","S20971","SITE9737","Japan","Y","XX-S20971"
"AA-AA-000-0000","2012-01-01","S36177","SITE2192","UK","Y","XX-S36177"
"AA-AA-000-0000","2012-01-01","S88436","SITE4323","US","Y","XX-S88436"
"AA-AA-000-0000","2012-01-01","S59284","SITE3090","US","Y","XX-S59284"
"AA-AA-000-0000","2012-01-01","S35834","SITE9142","Japan","Y","XX-S35834"
"AA-AA-000-0000","2012-01-01","S15734","SITE4323","US","Y","XX-S15734"
"AA-AA-000-0000","2012-01-01","S61670","SITE9142","Japan","Y","XX-S61670"
"AA-AA-000-0000","2012-01-01","S30683","SITE3289","US","N","XX-S30683"
"AA-AA-000-0000","2012-01-01","S2969","SITE9142","Japan","Y","XX-S2969"
"AA-AA-000-0000","2012-01-01","S50664","SITE4629","Japan","Y","XX-S50664"
"AA-AA-000-0000","2012-01-01","S384","SITE4323","US","N","XX-S384"
"AA-AA-000-0000","2012-01-01","S21491","SITE3909","Japan","Y","XX-S21491"
"AA-AA-000-0000","2012-01-01","S51674","SITE6603","UK","N","XX-S51674"
"AA-AA-000-0000","2012-01-01","S32854","SITE6603","UK","Y","XX-S32854"
"AA-AA-000-0000","2012-01-01","S67498","SITE213","UK","Y","XX-S67498"
"AA-AA-000-0000","2012-01-01","S32336","SITE8788","Japan","Y","XX-S32336"
"AA-AA-000-0000","2012-01-01","S96757","SITE101","UK","Y","XX-S96757"
"AA-AA-000-0000","2012-01-01","S47665","SITE4264","US","Y","XX-S47665"
"AA-AA-000-0000","2012-01-01","S83282","SITE213","UK","Y","XX-S83282"
"AA-AA-000-0000","2012-01-01","S56091","SITE4590","US","Y","XX-S56091"
"AA-AA-000-0000","2012-01-01","S15521","SITE9737","Japan","Y","XX-S15521"
"AA-AA-000-0000","2012-01-01","S95593","SITE8517","UK","Y","XX-S95593"
"AA-AA-000-0000","2012-01-01","S82439","SITE9142","Japan","N","XX-S82439"
"AA-AA-000-0000","2012-01-01","S76053","SITE9580","UK","N","XX-S76053"
"AA-AA-000-0000","2012-01-01","S56565","SITE1750","US","Y","XX-S56565"
"AA-AA-000-0000","2012-01-01","S83058","SITE8625","US","Y","XX-S83058"
"AA-AA-000-0000","2012-01-01","S95900","SITE5384","UK","Y","XX-S95900"
"AA-AA-000-0000","2012-01-01","S74654","SITE8786","US","N","XX-S74654"
"AA-AA-000-0000","2012-01-01","S72389","SITE8625","US","Y","XX-S72389"
"AA-AA-000-0000","2012-01-01","S3492","SITE8354","Japan","Y","XX-S3492"
"AA-AA-000-0000","2012-01-01","S58315","SITE7011","US","Y","XX-S58315"
"AA-AA-000-0000","2012-01-01","S4476","SITE4874","Japan","N","XX-S4476"
"AA-AA-000-0000","2012-01-01","S68947","SITE2192","UK","Y","XX-S68947"
"AA-AA-000-0000","2012-01-01","S17064","SITE2532","US","Y","XX-S17064"
"AA-AA-000-0000","2012-01-01","S69485","SITE5033","US","Y","XX-S69485"
"AA-AA-000-0000","2012-01-01","S42358","SITE3289","US","Y","XX-S42358"
"AA-AA-000-0000","2012-01-01","S75468","SITE7983","US","Y","XX-S75468"
"AA-AA-000-0000","2012-01-01","S53524","SITE2192","UK","Y","XX-S53524"
"AA-AA-000-0000","2012-01-01","S23519","SITE2323","Japan","Y","XX-S23519"
"AA-AA-000-0000","2012-01-01","S50779","SITE5895","Japan","Y","XX-S50779"
"AA-AA-000-0000","2012-01-01","S40424","SITE4959","US","Y","XX-S40424"
"AA-AA-000-0000","2012-01-01","S89271","SITE8091","UK","Y","XX-S89271"
"AA-AA-000-0000","2012-01-01","S19104","SITE5895","Japan","N","XX-S19104"
"AA-AA-000-0000","2012-01-01","S69026","SITE8788","Japan","Y","XX-S69026"
"AA-AA-000-0000","2012-01-01","S10582","SITE2901","US","Y","XX-S10582"
"AA-AA-000-0000","2012-01-01","S61099","SITE8091","UK","Y","XX-S61099"
"AA-AA-000-0000","2012-01-01","S99925","SITE9142","Japan","N","XX-S99925"
"AA-AA-000-0000","2012-01-01","S39259","SITE2901","US","Y","XX-S39259"
"AA-AA-000-0000","2012-01-01","S40868","SITE4485","US","Y","XX-S40868"
"AA-AA-000-0000","2012-01-01","S81289","SITE3989","US","Y","XX-S81289"
"AA-AA-000-0000","2012-01-01","S52444","SITE4485","US","Y","XX-S52444"
"AA-AA-000-0000","2012-01-01","S2293","SITE3989","US","N","XX-S2293"
"AA-AA-000-0000","2012-01-01","S84021","SITE8351","UK","N","XX-S84021"
"AA-AA-000-0000","2012-01-01","S91112","SITE2323","Japan","N","XX-S91112"
"AA-AA-000-0000","2012-01-01","S85481","SITE8788","Japan","Y","XX-S85481"
"AA-AA-000-0000","2012-01-01","S64117","SITE6405","US","Y","XX-S64117"
"AA-AA-000-0000","2012-01-01","S99639","SITE2192","UK","Y","XX-S99639"
"AA-AA-000-0000","2012-01-01","S7833","SITE9360","Japan","Y","XX-S7833"
"AA-AA-000-0000","2012-01-01","S12234","SITE5895","Japan","N","XX-S12234"
"AA-AA-000-0000","2012-01-01","S56762","SITE6900","Japan","N","XX-S56762"
"AA-AA-000-0000","2012-01-01","S79328","SITE8799","UK","Y","XX-S79328"
"AA-AA-000-0000","2012-01-01","S98371","SITE8633","Japan","Y","XX-S98371"
"AA-AA-000-0000","2012-01-01","S60126","SITE1910","US","Y","XX-S60126"
"AA-AA-000-0000","2012-01-01","S58498","SITE213","UK","Y","XX-S58498"
"AA-AA-000-0000","2012-01-01","S7173","SITE2170","Japan","Y","XX-S7173"
"AA-AA-000-0000","2012-01-01","S80098","SITE213","UK","Y","XX-S80098"
"AA-AA-000-0000","2012-01-01","S70984","SITE8786","US","N","XX-S70984"
"AA-AA-000-0000","2012-01-01","S30541","SITE2192","UK","Y","XX-S30541"
"AA-AA-000-0000","2012-01-01","S58829","SITE1257","Japan","N","XX-S58829"
"AA-AA-000-0000","2012-01-01","S42751","SITE3909","Japan","N","XX-S42751"
"AA-AA-000-0000","2012-01-01","S79778","SITE6405","US","Y","XX-S79778"
"AA-AA-000-0000","2012-01-01","S94724","SITE8517","UK","N","XX-S94724"
"AA-AA-000-0000","2012-01-01","S47824","SITE4874","Japan","Y","XX-S47824"
"AA-AA-000-0000","2012-01-01","S32805","SITE7011","US","Y","XX-S32805"
"AA-AA-000-0000","2012-01-01","S33697","SITE8786","US","Y","XX-S33697"
"AA-AA-000-0000","2012-01-01","S59912","SITE8786","US","Y","XX-S59912"
"AA-AA-000-0000","2012-01-01","S36762","SITE9360","Japan","Y","XX-S36762"
"AA-AA-000-0000","2012-02-01","S60570","SITE9147","Japan","N","XX-S60570"
"AA-AA-000-0000","2012-02-01","S93256","SITE6900","Japan","Y","XX-S93256"
"AA-AA-000-0000","2012-02-01","S90815","SITE9346","UK","Y","XX-S90815"
"AA-AA-000-0000","2012-02-01","S73021","SITE4874","Japan","N","XX-S73021"
"AA-AA-000-0000","2012-02-01","S63470","SITE4959","US","Y","XX-S63470"
"AA-AA-000-0000","2012-02-01","S98057","SITE6410","US","N","XX-S98057"
"AA-AA-000-0000","2012-02-01","S15727","SITE6603","UK","Y","XX-S15727"
"AA-AA-000-0000","2012-02-01","S78803","SITE180","UK","Y","XX-S78803"
"AA-AA-000-0000","2012-02-01","S2994","SITE8786","US","Y","XX-S2994"
"AA-AA-000-0000","2012-02-01","S54447","SITE3719","Japan","Y","XX-S54447"
"AA-AA-000-0000","2012-02-01","S49115","SITE7096","UK","Y","XX-S49115"
"AA-AA-000-0000","2012-02-01","S19752","SITE2901","US","Y","XX-S19752"
"AA-AA-000-0000","2012-02-01","S31737","SITE1910","US","N","XX-S31737"
"AA-AA-000-0000","2012-02-01","S41123","SITE3989","US","Y","XX-S41123"
"AA-AA-000-0000","2012-02-01","S92389","SITE6900","Japan","Y","XX-S92389"
"AA-AA-000-0000","2012-02-01","S50927","SITE8351","UK","N","XX-S50927"
"AA-AA-000-0000","2012-02-01","S55104","SITE7983","US","Y","XX-S55104"
"AA-AA-000-0000","2012-02-01","S64134","SITE1257","Japan","N","XX-S64134"
"AA-AA-000-0000","2012-02-01","S51092","SITE1257","Japan","Y","XX-S51092"
"AA-AA-000-0000","2012-02-01","S25117","SITE2192","UK","Y","XX-S25117"
"AA-AA-000-0000","2012-02-01","S349","SITE3938","US","Y","XX-S349"
"AA-AA-000-0000","2012-02-01","S54677","SITE9360","Japan","Y","XX-S54677"
"AA-AA-000-0000","2012-02-01","S50790","SITE4260","US","N","XX-S50790"
"AA-AA-000-0000","2012-02-01","S28507","SITE3938","US","N","XX-S28507"
"AA-AA-000-0000","2012-02-01","S66672","SITE3289","US","Y","XX-S66672"
"AA-AA-000-0000","2012-02-01","S96749","SITE8788","Japan","Y","XX-S96749"
"AA-AA-000-0000","2012-02-01","S80107","SITE6410","US","Y","XX-S80107"
"AA-AA-000-0000","2012-02-01","S78130","SITE4264","US","Y","XX-S78130"
"AA-AA-000-0000","2012-02-01","S33491","SITE3989","US","Y","XX-S33491"
"AA-AA-000-0000","2012-02-01","S3179","SITE7096","UK","Y","XX-S3179"
"AA-AA-000-0000","2012-02-01","S47700","SITE4323","US","Y","XX-S47700"
"AA-AA-000-0000","2012-02-01","S48812","SITE9142","Japan","Y","XX-S48812"
"AA-AA-000-0000","2012-02-01","S57281","SITE216","US","Y","XX-S57281"
"AA-AA-000-0000","2012-02-01","S25158","SITE7004","US","Y","XX-S25158"
"AA-AA-000-0000","2012-02-01","S34463","SITE7983","US","Y","XX-S34463"
"AA-AA-000-0000","2012-02-01","S44636","SITE7604","US","N","XX-S44636"
"AA-AA-000-0000","2012-02-01","S82266","SITE2883","Japan","Y","XX-S82266"
"AA-AA-000-0000","2012-02-01","S7559","SITE8420","US","Y","XX-S7559"
"AA-AA-000-0000","2012-02-01","S79443","SITE4260","US","Y","XX-S79443"
"AA-AA-000-0000","2012-02-01","S61163","SITE2980","UK","N","XX-S61163"
"AA-AA-000-0000","2012-02-01","S90862","SITE8857","UK","N","XX-S90862"
"AA-AA-000-0000","2012-02-01","S78913","SITE3090","US","Y","XX-S78913"
"AA-AA-000-0000","2012-02-01","S6762","SITE1750","US","Y","XX-S6762"
"AA-AA-000-0000","2012-02-01","S86525","SITE2986","US","N","XX-S86525"
"AA-AA-000-0000","2012-02-01","S83589","SITE8517","UK","Y","XX-S83589"
"AA-AA-000-0000","2012-02-01","S94643","SITE3909","Japan","Y","XX-S94643"
"AA-AA-000-0000","2012-02-01","S5475","SITE4959","US","N","XX-S5475"
"AA-AA-000-0000","2012-02-01","S95683","SITE9346","UK","Y","XX-S95683"
"AA-AA-000-0000","2012-02-01","S62883","SITE2170","Japan","Y","XX-S62883"
"AA-AA-000-0000","2012-02-01","S50153","SITE1257","Japan","Y","XX-S50153"
"AA-AA-000-0000","2012-02-01","S63016","SITE2901","US","N","XX-S63016"
"AA-AA-000-0000","2012-02-01","S41608","SITE9346","UK","Y","XX-S41608"
"AA-AA-000-0000","2012-02-01","S63928","SITE7983","US","Y","XX-S63928"
"AA-AA-000-0000","2012-02-01","S78935","SITE8786","US","Y","XX-S78935"
"AA-AA-000-0000","2012-02-01","S79162","SITE5033","US","Y","XX-S79162"
"AA-AA-000-0000","2012-02-01","S41688","SITE3081","Japan","Y","XX-S41688"
"AA-AA-000-0000","2012-02-01","S3290","SITE4629","Japan","N","XX-S3290"
"AA-AA-000-0000","2012-02-01","S5702","SITE2192","UK","Y","XX-S5702"
"AA-AA-000-0000","2012-02-01","S19678","SITE3909","Japan","Y","XX-S19678"
"AA-AA-000-0000","2012-02-01","S64623","SITE9082","US","N","XX-S64623"
"AA-AA-000-0000","2012-02-01","S38814","SITE6603","UK","Y","XX-S38814"
"AA-AA-000-0000","2012-02-01","S65616","SITE3289","US","N","XX-S65616"
"AA-AA-000-0000","2012-02-01","S75016","SITE3319","Japan","Y","XX-S75016"
"AA-AA-000-0000","2012-02-01","S79388","SITE9414","UK","Y","XX-S79388"
"AA-AA-000-0000","2012-02-01","S4725","SITE3415","US","Y","XX-S4725"
"AA-AA-000-0000","2012-02-01","S54437","SITE9147","Japan","Y","XX-S54437"
"AA-AA-000-0000","2012-02-01","S9663","SITE7983","US","Y","XX-S9663"
"AA-AA-000-0000","2012-02-01","S45386","SITE2170","Japan","Y","XX-S45386"
"AA-AA-000-0000","2012-02-01","S56570","SITE4629","Japan","Y","XX-S56570"
"AA-AA-000-0000","2012-02-01","S45190","SITE8788","Japan","Y","XX-S45190"
"AA-AA-000-0000","2012-02-01","S61439","SITE2192","UK","Y","XX-S61439"
"AA-AA-000-0000","2012-02-01","S45188","SITE7011","US","N","XX-S45188"
"AA-AA-000-0000","2012-02-01","S64254","SITE4629","Japan","Y","XX-S64254"
"AA-AA-000-0000","2012-02-01","S71734","SITE2373","UK","N","XX-S71734"
"AA-AA-000-0000","2012-02-01","S37702","SITE9737","Japan","Y","XX-S37702"
"AA-AA-000-0000","2012-02-01","S67479","SITE180","UK","N","XX-S67479"
"AA-AA-000-0000","2012-02-01","S38745","SITE6384","UK","Y","XX-S38745"
"AA-AA-000-0000","2012-02-01","S71658","SITE1786","Japan","Y","XX-S71658"
"AA-AA-000-0000","2012-02-01","S93954","SITE6900","Japan","Y","XX-S93954"
"AA-AA-000-0000","2012-02-01","S41298","SITE9888","UK","Y","XX-S41298"
"AA-AA-000-0000","2012-02-01","S6947","SITE6572","Japan","Y","XX-S6947"
"AA-AA-000-0000","2012-02-01","S10821","SITE4264","US","Y","XX-S10821"
"AA-AA-000-0000","2012-02-01","S66031","SITE1748","Japan","N","XX-S66031"
"AA-AA-000-0000","2012-02-01","S13810","SITE7184","US","Y","XX-S13810"
"AA-AA-000-0000","2012-02-01","S82095","SITE2986","US","Y","XX-S82095"
"AA-AA-000-0000","2012-02-01","S98343","SITE4260","US","Y","XX-S98343"
"AA-AA-000-0000","2012-02-01","S66061","SITE4260","US","N","XX-S66061"
"AA-AA-000-0000","2012-02-01","S71929","SITE3754","US","Y","XX-S71929"
"AA-AA-000-0000","2012-02-01","S42343","SITE1257","Japan","N","XX-S42343"
"AA-AA-000-0000","2012-02-01","S73213","SITE6410","US","Y","XX-S73213"
"AA-AA-000-0000","2012-02-01","S78836","SITE8799","UK","Y","XX-S78836"
"AA-AA-000-0000","2012-02-01","S68049","SITE5289","US","N","XX-S68049"
"AA-AA-000-0000","2012-02-01","S11585","SITE1727","UK","Y","XX-S11585"
"AA-AA-000-0000","2012-02-01","S67390","SITE2986","US","Y","XX-S67390"
"AA-AA-000-0000","2012-02-01","S61186","SITE6405","US","N","XX-S61186"
"AA-AA-000-0000","2012-02-01","S76386","SITE9082","US","N","XX-S76386"
"AA-AA-000-0000","2012-02-01","S41890","SITE8354","Japan","Y","XX-S41890"
"AA-AA-000-0000","2012-02-01","S48267","SITE5895","Japan","N","XX-S48267"
"AA-AA-000-0000","2012-02-01","S71809","SITE4314","UK","Y","XX-S71809"
"AA-AA-000-0000","2012-02-01","S62903","SITE8764","Japan","Y","XX-S62903"
"AA-AA-000-0000","2012-02-01","S90674","SITE4314","UK","Y","XX-S90674"
"AA-AA-000-0000","2012-02-01","S50531","SITE1748","Japan","Y","XX-S50531"
"AA-AA-000-0000","2012-02-01","S66882","SITE9888","UK","Y","XX-S66882"
"AA-AA-000-0000","2012-02-01","S90455","SITE3289","US","Y","XX-S90455"
"AA-AA-000-0000","2012-02-01","S66100","SITE6832","Japan","Y","XX-S66100"
"AA-AA-000-0000","2012-02-01","S6528","SITE4485","US","Y","XX-S6528"
"AA-AA-000-0000","2012-02-01","S49125","SITE8799","UK","Y","XX-S49125"
"AA-AA-000-0000","2012-02-01","S49600","SITE4874","Japan","N","XX-S49600"
"AA-AA-000-0000","2012-02-01","S64601","SITE9580","UK","N","XX-S64601"
"AA-AA-000-0000","2012-02-01","S92789","SITE3068","Japan","Y","XX-S92789"
"AA-AA-000-0000","2012-02-01","S24778","SITE9414","UK","Y","XX-S24778"
"AA-AA-000-0000","2012-02-01","S32331","SITE4590","US","Y","XX-S32331"
"AA-AA-000-0000","2012-02-01","S14046","SITE7983","US","Y","XX-S14046"
"AA-AA-000-0000","2012-02-01","S80160","SITE4959","US","Y","XX-S80160"
"AA-AA-000-0000","2012-02-01","S29917","SITE7004","US","Y","XX-S29917"
"AA-AA-000-0000","2012-02-01","S85521","SITE6603","UK","N","XX-S85521"
"AA-AA-000-0000","2012-02-01","S87743","SITE8091","UK","N","XX-S87743"
"AA-AA-000-0000","2012-02-01","S44543","SITE8420","US","Y","XX-S44543"
"AA-AA-000-0000","2012-02-01","S30141","SITE101","UK","N","XX-S30141"
"AA-AA-000-0000","2012-02-01","S62533","SITE3081","Japan","Y","XX-S62533"
"AA-AA-000-0000","2012-02-01","S75527","SITE4485","US","Y","XX-S75527"
"AA-AA-000-0000","2012-02-01","S8459","SITE4314","UK","Y","XX-S8459"
"AA-AA-000-0000","2012-02-01","S34465","SITE4323","US","Y","XX-S34465"
"AA-AA-000-0000","2012-02-01","S41287","SITE8091","UK","N","XX-S41287"
"AA-AA-000-0000","2012-02-01","S42798","SITE3081","Japan","Y","XX-S42798"
"AA-AA-000-0000","2012-02-01","S57211","SITE2373","UK","Y","XX-S57211"
"AA-AA-000-0000","2012-02-01","S24790","SITE9414","UK","Y","XX-S24790"
"AA-AA-000-0000","2012-02-01","S62825","SITE5384","UK","Y","XX-S62825"
"AA-AA-000-0000","2012-02-01","S31403","SITE2980","UK","Y","XX-S31403"
"AA-AA-000-0000","2012-02-01","S60652","SITE9858","UK","Y","XX-S60652"
"AA-AA-000-0000","2012-02-01","S24389","SITE4874","Japan","Y","XX-S24389"
"AA-AA-000-0000","2012-02-01","S43487","SITE5033","US","Y","XX-S43487"
"AA-AA-000-0000","2012-02-01","S43620","SITE5384","UK","Y","XX-S43620"
"AA-AA-000-0000","2012-02-01","S33604","SITE3081","Japan","Y","XX-S33604"
"AA-AA-000-0000","2012-02-01","S68284","SITE3909","Japan","Y","XX-S68284"
"AA-AA-000-0000","2012-02-01","S53537","SITE4314","UK","Y","XX-S53537"
"AA-AA-000-0000","2012-02-01","S82408","SITE5033","US","Y","XX-S82408"
"AA-AA-000-0000","2012-02-01","S51782","SITE404","US","Y","XX-S51782"
"AA-AA-000-0000","2012-02-01","S61154","SITE2532","US","Y","XX-S61154"
"AA-AA-000-0000","2012-02-01","S54183","SITE9414","UK","N","XX-S54183"
"AA-AA-000-0000","2012-02-01","S33152","SITE6405","US","Y","XX-S33152"
"AA-AA-000-0000","2012-02-01","S82706","SITE3989","US","Y","XX-S82706"
"AA-AA-000-0000","2012-02-01","S3548","SITE7184","US","Y","XX-S3548"
"AA-AA-000-0000","2012-02-01","S48411","SITE3081","Japan","Y","XX-S48411"
"AA-AA-000-0000","2012-02-01","S59806","SITE8210","US","Y","XX-S59806"
"AA-AA-000-0000","2012-02-01","S31222","SITE7604","US","Y","XX-S31222"
"AA-AA-000-0000","2012-02-01","S34410","SITE216","US","Y","XX-S34410"
"AA-AA-000-0000","2012-02-01","S56853","SITE8210","US","Y","XX-S56853"
"AA-AA-000-0000","2012-02-01","S70885","SITE4485","US","Y","XX-S70885"
"AA-AA-000-0000","2012-02-01","S73518","SITE4959","US","Y","XX-S73518"
"AA-AA-000-0000","2012-02-01","S75690","SITE9346","UK","Y","XX-S75690"
"AA-AA-000-0000","2012-02-01","S78552","SITE404","US","Y","XX-S78552"
"AA-AA-000-0000","2012-02-01","S78571","SITE8210","US","Y","XX-S78571"
"AA-AA-000-0000","2012-02-01","S80969","SITE3319","Japan","Y","XX-S80969"
"AA-AA-000-0000","2012-02-01","S92424","SITE2986","US","Y","XX-S92424"
"AA-AA-000-0000","2012-02-01","S9192","SITE2532","US","Y","XX-S9192"
"AA-AA-000-0000","2012-02-01","S96574","SITE1102","UK","Y","XX-S96574"
"AA-AA-000-0000","2012-02-01","S6096","SITE8625","US","Y","XX-S6096"
"AA-AA-000-0000","2012-02-01","S59642","SITE9414","UK","Y","XX-S59642"
"AA-AA-000-0000","2012-02-01","S17499","SITE4072","Japan","Y","XX-S17499"
"AA-AA-000-0000","2012-02-01","S64375","SITE7208","US","N","XX-S64375"
"AA-AA-000-0000","2012-02-01","S90076","SITE3909","Japan","Y","XX-S90076"
"AA-AA-000-0000","2012-02-01","S63767","SITE9604","UK","Y","XX-S63767"
"AA-AA-000-0000","2012-02-01","S65948","SITE8091","UK","N","XX-S65948"
"AA-AA-000-0000","2012-02-01","S43465","SITE4323","US","Y","XX-S43465"
"AA-AA-000-0000","2012-02-01","S33371","SITE1102","UK","Y","XX-S33371"
"AA-AA-000-0000","2012-02-01","S8126","SITE5425","UK","Y","XX-S8126"
"AA-AA-000-0000","2012-02-01","S74917","SITE8091","UK","N","XX-S74917"
"AA-AA-000-0000","2012-02-01","S51906","SITE3081","Japan","N","XX-S51906"
"AA-AA-000-0000","2012-02-01","S89722","SITE7004","US","Y","XX-S89722"
"AA-AA-000-0000","2012-02-01","S36886","SITE8764","Japan","Y","XX-S36886"
"AA-AA-000-0000","2012-02-01","S42563","SITE9147","Japan","N","XX-S42563"
"AA-AA-000-0000","2012-02-01","S39000","SITE2532","US","Y","XX-S39000"
"AA-AA-000-0000","2012-02-01","S92342","SITE7809","Japan","Y","XX-S92342"
"AA-AA-000-0000","2012-02-01","S49624","SITE4959","US","N","XX-S49624"
"AA-AA-000-0000","2012-02-01","S84892","SITE8354","Japan","Y","XX-S84892"
"AA-AA-000-0000","2012-02-01","S036","SITE7208","US","N","XX-S036"
"AA-AA-000-0000","2012-02-01","S23112","SITE2980","UK","Y","XX-S23112"
"AA-AA-000-0000","2012-02-01","S882","SITE8633","Japan","Y","XX-S882"
"AA-AA-000-0000","2012-02-01","S22961","SITE6410","US","Y","XX-S22961"
"AA-AA-000-0000","2012-02-01","S66158","SITE958","UK","Y","XX-S66158"
"AA-AA-000-0000","2012-02-01","S63176","SITE8625","US","Y","XX-S63176"
"AA-AA-000-0000","2012-02-01","S7284","SITE4874","Japan","Y","XX-S7284"
"AA-AA-000-0000","2012-02-01","S88083","SITE9737","Japan","Y","XX-S88083"
"AA-AA-000-0000","2012-02-01","S69474","SITE1786","Japan","Y","XX-S69474"
"AA-AA-000-0000","2012-02-01","S38694","SITE3289","US","Y","XX-S38694"
"AA-AA-000-0000","2012-02-01","S38409","SITE8799","UK","Y","XX-S38409"
"AA-AA-000-0000","2012-02-01","S74797","SITE2883","Japan","Y","XX-S74797"
"AA-AA-000-0000","2012-02-01","S19380","SITE6384","UK","Y","XX-S19380"
"AA-AA-000-0000","2012-02-01","S94455","SITE5384","UK","N","XX-S94455"
"AA-AA-000-0000","2012-02-01","S1758","SITE8351","UK","N","XX-S1758"
"AA-AA-000-0000","2012-02-01","S2523","SITE6410","US","N","XX-S2523"
"AA-AA-000-0000","2012-02-01","S33945","SITE1544","Japan","Y","XX-S33945"
"AA-AA-000-0000","2012-02-01","S81541","SITE9661","UK","Y","XX-S81541"
"AA-AA-000-0000","2012-02-01","S66500","SITE8625","US","N","XX-S66500"
"AA-AA-000-0000","2012-02-01","S38785","SITE2373","UK","Y","XX-S38785"
"AA-AA-000-0000","2012-02-01","S85111","SITE9661","UK","Y","XX-S85111"
"AA-AA-000-0000","2012-02-01","S5524","SITE4590","US","Y","XX-S5524"
"AA-AA-000-0000","2012-02-01","S36810","SITE6832","Japan","Y","XX-S36810"
"AA-AA-000-0000","2012-02-01","S75551","SITE4754","US","Y","XX-S75551"
"AA-AA-000-0000","2012-02-01","S85836","SITE9360","Japan","N","XX-S85836"
"AA-AA-000-0000","2012-02-01","S48813","SITE958","UK","Y","XX-S48813"
"AA-AA-000-0000","2012-02-01","S25810","SITE8799","UK","Y","XX-S25810"
"AA-AA-000-0000","2012-02-01","S75305","SITE6832","Japan","Y","XX-S75305"
"AA-AA-000-0000","2012-02-01","S68232","SITE9346","UK","N","XX-S68232"
"AA-AA-000-0000","2012-02-01","S61292","SITE7004","US","Y","XX-S61292"
"AA-AA-000-0000","2012-02-01","S42591","SITE1727","UK","Y","XX-S42591"
"AA-AA-000-0000","2012-02-01","S72515","SITE8625","US","Y","XX-S72515"
"AA-AA-000-0000","2012-02-01","S78717","SITE213","UK","Y","XX-S78717"
"AA-AA-000-0000","2012-02-01","S7775","SITE3081","Japan","Y","XX-S7775"
"AA-AA-000-0000","2012-02-01","S16470","SITE8625","US","Y","XX-S16470"
"AA-AA-000-0000","2012-02-01","S39191","SITE4959","US","Y","XX-S39191"
"AA-AA-000-0000","2012-02-01","S21446","SITE180","UK","Y","XX-S21446"
"AA-AA-000-0000","2012-02-01","S55728","SITE7004","US","Y","XX-S55728"
"AA-AA-000-0000","2012-02-01","S40230","SITE5062","US","Y","XX-S40230"
"AA-AA-000-0000","2012-02-01","S57691","SITE3415","US","Y","XX-S57691"
"AA-AA-000-0000","2012-02-01","S12402","SITE3719","Japan","Y","XX-S12402"
"AA-AA-000-0000","2012-02-01","S26836","SITE8420","US","Y","XX-S26836"
"AA-AA-000-0000","2012-02-01","S86198","SITE8351","UK","Y","XX-S86198"
"AA-AA-000-0000","2012-02-01","S70538","SITE5062","US","N","XX-S70538"
"AA-AA-000-0000","2012-02-01","S51443","SITE4260","US","N","XX-S51443"
"AA-AA-000-0000","2012-02-01","S42353","SITE3989","US","Y","XX-S42353"
"AA-AA-000-0000","2012-02-01","S37821","SITE4485","US","Y","XX-S37821"
"AA-AA-000-0000","2012-02-01","S29578","SITE8786","US","N","XX-S29578"
"AA-AA-000-0000","2012-02-01","S21191","SITE216","US","Y","XX-S21191"
"AA-AA-000-0000","2012-02-01","S41767","SITE9142","Japan","Y","XX-S41767"
"AA-AA-000-0000","2012-02-01","S90436","SITE3938","US","Y","XX-S90436"
"AA-AA-000-0000","2012-02-01","S12584","SITE1982","US","Y","XX-S12584"
"AA-AA-000-0000","2012-02-01","S27345","SITE6900","Japan","Y","XX-S27345"
"AA-AA-000-0000","2012-02-01","S6032","SITE4485","US","Y","XX-S6032"
"AA-AA-000-0000","2012-02-01","S73552","SITE7011","US","Y","XX-S73552"
"AA-AA-000-0000","2012-02-01","S28476","SITE4590","US","Y","XX-S28476"
"AA-AA-000-0000","2012-02-01","S51371","SITE7096","UK","Y","XX-S51371"
"AA-AA-000-0000","2012-02-01","S25706","SITE8835","US","Y","XX-S25706"
"AA-AA-000-0000","2012-02-01","S38067","SITE9580","UK","N","XX-S38067"
"AA-AA-000-0000","2012-02-01","S93551","SITE6603","UK","Y","XX-S93551"
"AA-AA-000-0000","2012-02-01","S34830","SITE1750","US","Y","XX-S34830"
"AA-AA-000-0000","2012-02-01","S58347","SITE7208","US","Y","XX-S58347"
"AA-AA-000-0000","2012-02-01","S56444","SITE1102","UK","Y","XX-S56444"
"AA-AA-000-0000","2012-02-01","S69605","SITE9346","UK","Y","XX-S69605"
"AA-AA-000-0000","2012-02-01","S44055","SITE4314","UK","Y","XX-S44055"
"AA-AA-000-0000","2012-02-01","S35500","SITE4485","US","Y","XX-S35500"
"AA-AA-000-0000","2012-02-01","S32148","SITE7184","US","Y","XX-S32148"
"AA-AA-000-0000","2012-02-01","S93182","SITE1750","US","N","XX-S93182"
"AA-AA-000-0000","2012-02-01","S26422","SITE7004","US","Y","XX-S26422"
"AA-AA-000-0000","2012-02-01","S18924","SITE8786","US","Y","XX-S18924"
"AA-AA-000-0000","2012-02-01","S69684","SITE4323","US","Y","XX-S69684"
"AA-AA-000-0000","2012-02-01","S19484","SITE8799","UK","Y","XX-S19484"
"AA-AA-000-0000","2012-02-01","S58717","SITE9414","UK","N","XX-S58717"
"AA-AA-000-0000","2012-02-01","S78168","SITE8354","Japan","Y","XX-S78168"
"AA-AA-000-0000","2012-02-01","S66042","SITE2323","Japan","Y","XX-S66042"
"AA-AA-000-0000","2012-02-01","S69582","SITE6603","UK","Y","XX-S69582"
"AA-AA-000-0000","2012-02-01","S91008","SITE8091","UK","Y","XX-S91008"
"AA-AA-000-0000","2012-02-01","S40844","SITE9737","Japan","N","XX-S40844"
"AA-AA-000-0000","2012-02-01","S8249","SITE8351","UK","N","XX-S8249"
"AA-AA-000-0000","2012-02-01","S88218","SITE7604","US","Y","XX-S88218"
"AA-AA-000-0000","2012-02-01","S22379","SITE213","UK","Y","XX-S22379"
"AA-AA-000-0000","2012-02-01","S52631","SITE7809","Japan","Y","XX-S52631"
"AA-AA-000-0000","2012-02-01","S14201","SITE8786","US","Y","XX-S14201"
"AA-AA-000-0000","2012-02-01","S59956","SITE7809","Japan","Y","XX-S59956"
"AA-AA-000-0000","2012-02-01","S61109","SITE2532","US","N","XX-S61109"
"AA-AA-000-0000","2012-02-01","S53614","SITE3081","Japan","Y","XX-S53614"
"AA-AA-000-0000","2012-02-01","S77607","SITE9661","UK","Y","XX-S77607"
"AA-AA-000-0000","2012-02-01","S32856","SITE2986","US","Y","XX-S32856"
"AA-AA-000-0000","2012-02-01","S38681","SITE958","UK","Y","XX-S38681"
"AA-AA-000-0000","2012-02-01","S85178","SITE6572","Japan","Y","XX-S85178"
"AA-AA-000-0000","2012-02-01","S67292","SITE3754","US","Y","XX-S67292"
"AA-AA-000-0000","2012-02-01","S65424","SITE9142","Japan","Y","XX-S65424"
"AA-AA-000-0000","2012-02-01","S72148","SITE4874","Japan","N","XX-S72148"
"AA-AA-000-0000","2012-02-01","S51380","SITE7011","US","Y","XX-S51380"
"AA-AA-000-0000","2012-02-01","S56770","SITE7004","US","N","XX-S56770"
"AA-AA-000-0000","2012-02-01","S88306","SITE6405","US","Y","XX-S88306"
"AA-AA-000-0000","2012-02-01","S11423","SITE9580","UK","N","XX-S11423"
"AA-AA-000-0000","2012-02-01","S45628","SITE8799","UK","Y","XX-S45628"
"AA-AA-000-0000","2012-02-01","S72724","SITE8354","Japan","N","XX-S72724"
"AA-AA-000-0000","2012-02-01","S37802","SITE216","US","N","XX-S37802"
"AA-AA-000-0000","2012-02-01","S46573","SITE1748","Japan","N","XX-S46573"
"AA-AA-000-0000","2012-02-01","S88566","SITE4260","US","Y","XX-S88566"
"AA-AA-000-0000","2012-02-01","S8858","SITE7184","US","N","XX-S8858"
"AA-AA-000-0000","2012-02-01","S3546","SITE9604","UK","Y","XX-S3546"
"AA-AA-000-0000","2012-02-01","S16216","SITE9360","Japan","Y","XX-S16216"
"AA-AA-000-0000","2012-02-01","S24457","SITE9604","UK","Y","XX-S24457"
"AA-AA-000-0000","2012-02-01","S14015","SITE8420","US","N","XX-S14015"
"AA-AA-000-0000","2012-02-01","S96714","SITE9661","UK","Y","XX-S96714"
"AA-AA-000-0000","2012-02-01","S84391","SITE6405","US","N","XX-S84391"
"AA-AA-000-0000","2012-02-01","S92979","SITE3068","Japan","N","XX-S92979"
"AA-AA-000-0000","2012-02-01","S90630","SITE4754","US","N","XX-S90630"
"AA-AA-000-0000","2012-02-01","S46204","SITE1748","Japan","Y","XX-S46204"
"AA-AA-000-0000","2012-02-01","S98839","SITE958","UK","Y","XX-S98839"
"AA-AA-000-0000","2012-02-01","S22140","SITE8857","UK","Y","XX-S22140"
"AA-AA-000-0000","2012-02-01","S28722","SITE3081","Japan","Y","XX-S28722"
"AA-AA-000-0000","2012-02-01","S53855","SITE5289","US","Y","XX-S53855"
"AA-AA-000-0000","2012-02-01","S19255","SITE5289","US","N","XX-S19255"
"AA-AA-000-0000","2012-02-01","S37223","SITE9360","Japan","Y","XX-S37223"
"AA-AA-000-0000","2012-02-01","S44700","SITE1727","UK","Y","XX-S44700"
"AA-AA-000-0000","2012-02-01","S4781","SITE1748","Japan","Y","XX-S4781"
"AA-AA-000-0000","2012-02-01","S19776","SITE3319","Japan","Y","XX-S19776"
"AA-AA-000-0000","2012-02-01","S50953","SITE8835","US","Y","XX-S50953"
"AA-AA-000-0000","2012-02-01","S5918","SITE1727","UK","Y","XX-S5918"
"AA-AA-000-0000","2012-02-01","S27013","SITE3068","Japan","Y","XX-S27013"
"AA-AA-000-0000","2012-02-01","S41652","SITE6410","US","N","XX-S41652"
"AA-AA-000-0000","2012-02-01","S62097","SITE180","UK","Y","XX-S62097"
"AA-AA-000-0000","2012-02-01","S80235","SITE5895","Japan","Y","XX-S80235"
"AA-AA-000-0000","2012-02-01","S437","SITE8517","UK","N","XX-S437"
"AA-AA-000-0000","2012-02-01","S25190","SITE5033","US","Y","XX-S25190"
"AA-AA-000-0000","2012-02-01","S33779","SITE1257","Japan","Y","XX-S33779"
"AA-AA-000-0000","2012-02-01","S10771","SITE8351","UK","N","XX-S10771"
"AA-AA-000-0000","2012-02-01","S93299","SITE9346","UK","Y","XX-S93299"
"AA-AA-000-0000","2012-02-01","S12454","SITE3081","Japan","Y","XX-S12454"
"AA-AA-000-0000","2012-02-01","S39113","SITE7809","Japan","N","XX-S39113"
"AA-AA-000-0000","2012-02-01","S42753","SITE1786","Japan","Y","XX-S42753"
"AA-AA-000-0000","2012-02-01","S91025","SITE3938","US","Y","XX-S91025"
"AA-AA-000-0000","2012-02-01","S13582","SITE8857","UK","Y","XX-S13582"
"AA-AA-000-0000","2012-02-01","S28760","SITE4260","US","Y","XX-S28760"
"AA-AA-000-0000","2012-02-01","S75437","SITE9142","Japan","Y","XX-S75437"
"AA-AA-000-0000","2012-03-01","S97135","SITE3839","UK","Y","XX-S97135"
"AA-AA-000-0000","2012-03-01","S69238","SITE7208","US","N","XX-S69238"
"AA-AA-000-0000","2012-03-01","S90930","SITE3353","US","N","XX-S90930"
"AA-AA-000-0000","2012-03-01","S78779","SITE3839","UK","Y","XX-S78779"
"AA-AA-000-0000","2012-03-01","S29729","SITE2354","UK","Y","XX-S29729"
"AA-AA-000-0000","2012-03-01","S21158","SITE6410","US","N","XX-S21158"
"AA-AA-000-0000","2012-03-01","S44509","SITE1233","US","Y","XX-S44509"
"AA-AA-000-0000","2012-03-01","S79759","SITE9414","UK","Y","XX-S79759"
"AA-AA-000-0000","2012-03-01","S23523","SITE7809","Japan","Y","XX-S23523"
"AA-AA-000-0000","2012-03-01","S42240","SITE9737","Japan","Y","XX-S42240"
"AA-AA-000-0000","2012-03-01","S13976","SITE5611","US","Y","XX-S13976"
"AA-AA-000-0000","2012-03-01","S28082","SITE3077","UK","Y","XX-S28082"
"AA-AA-000-0000","2012-03-01","S62745","SITE3090","US","Y","XX-S62745"
"AA-AA-000-0000","2012-03-01","S90473","SITE9142","Japan","Y","XX-S90473"
"AA-AA-000-0000","2012-03-01","S16950","SITE3077","UK","Y","XX-S16950"
"AA-AA-000-0000","2012-03-01","S29977","SITE2980","UK","Y","XX-S29977"
"AA-AA-000-0000","2012-03-01","S9553","SITE4028","Japan","Y","XX-S9553"
"AA-AA-000-0000","2012-03-01","S75950","SITE9737","Japan","N","XX-S75950"
"AA-AA-000-0000","2012-03-01","S30043","SITE7184","US","N","XX-S30043"
"AA-AA-000-0000","2012-03-01","S13839","SITE1934","Japan","Y","XX-S13839"
"AA-AA-000-0000","2012-03-01","S19812","SITE6184","UK","Y","XX-S19812"
"AA-AA-000-0000","2012-03-01","S33394","SITE1935","Japan","Y","XX-S33394"
"AA-AA-000-0000","2012-03-01","S15079","SITE6384","UK","Y","XX-S15079"
"AA-AA-000-0000","2012-03-01","S75799","SITE759","US","N","XX-S75799"
"AA-AA-000-0000","2012-03-01","S93538","SITE404","US","N","XX-S93538"
"AA-AA-000-0000","2012-03-01","S59662","SITE9395","US","Y","XX-S59662"
"AA-AA-000-0000","2012-03-01","S90374","SITE7004","US","N","XX-S90374"
"AA-AA-000-0000","2012-03-01","S97281","SITE8627","US","Y","XX-S97281"
"AA-AA-000-0000","2012-03-01","S91710","SITE8788","Japan","N","XX-S91710"
"AA-AA-000-0000","2012-03-01","S31987","SITE4543","Japan","Y","XX-S31987"
"AA-AA-000-0000","2012-03-01","S89510","SITE7983","US","Y","XX-S89510"
"AA-AA-000-0000","2012-03-01","S18655","SITE4028","Japan","N","XX-S18655"
"AA-AA-000-0000","2012-03-01","S72124","SITE5033","US","Y","XX-S72124"
"AA-AA-000-0000","2012-03-01","S52968","SITE1750","US","Y","XX-S52968"
"AA-AA-000-0000","2012-03-01","S28296","SITE3754","US","N","XX-S28296"
"AA-AA-000-0000","2012-03-01","S87145","SITE8625","US","Y","XX-S87145"
"AA-AA-000-0000","2012-03-01","S59674","SITE4976","UK","N","XX-S59674"
"AA-AA-000-0000","2012-03-01","S72530","SITE1982","US","Y","XX-S72530"
"AA-AA-000-0000","2012-03-01","S73691","SITE6184","UK","Y","XX-S73691"
"AA-AA-000-0000","2012-03-01","S6788","SITE3415","US","N","XX-S6788"
"AA-AA-000-0000","2012-03-01","S81938","SITE7604","US","Y","XX-S81938"
"AA-AA-000-0000","2012-03-01","S31824","SITE7734","US","Y","XX-S31824"
"AA-AA-000-0000","2012-03-01","S40167","SITE1786","Japan","N","XX-S40167"
"AA-AA-000-0000","2012-03-01","S69740","SITE4874","Japan","Y","XX-S69740"
"AA-AA-000-0000","2012-03-01","S98330","SITE4028","Japan","Y","XX-S98330"
"AA-AA-000-0000","2012-03-01","S57670","SITE4959","US","Y","XX-S57670"
"AA-AA-000-0000","2012-03-01","S52438","SITE958","UK","Y","XX-S52438"
"AA-AA-000-0000","2012-03-01","S73008","SITE9888","UK","N","XX-S73008"
"AA-AA-000-0000","2012-03-01","S66327","SITE4629","Japan","N","XX-S66327"
"AA-AA-000-0000","2012-03-01","S28579","SITE8210","US","Y","XX-S28579"
"AA-AA-000-0000","2012-03-01","S61847","SITE4590","US","Y","XX-S61847"
"AA-AA-000-0000","2012-03-01","S66587","SITE101","UK","N","XX-S66587"
"AA-AA-000-0000","2012-03-01","S29884","SITE4976","UK","Y","XX-S29884"
"AA-AA-000-0000","2012-03-01","S21162","SITE5425","UK","Y","XX-S21162"
"AA-AA-000-0000","2012-03-01","S78539","SITE4264","US","N","XX-S78539"
"AA-AA-000-0000","2012-03-01","S10712","SITE3754","US","Y","XX-S10712"
"AA-AA-000-0000","2012-03-01","S70927","SITE7246","UK","Y","XX-S70927"
"AA-AA-000-0000","2012-03-01","S31674","SITE4874","Japan","Y","XX-S31674"
"AA-AA-000-0000","2012-03-01","S9736","SITE9884","UK","Y","XX-S9736"
"AA-AA-000-0000","2012-03-01","S84848","SITE1233","US","Y","XX-S84848"
"AA-AA-000-0000","2012-03-01","S38419","SITE8420","US","Y","XX-S38419"
"AA-AA-000-0000","2012-03-01","S50135","SITE5895","Japan","Y","XX-S50135"
"AA-AA-000-0000","2012-03-01","S13749","SITE5611","US","Y","XX-S13749"
"AA-AA-000-0000","2012-03-01","S94084","SITE8835","US","Y","XX-S94084"
"AA-AA-000-0000","2012-03-01","S92443","SITE3839","UK","Y","XX-S92443"
"AA-AA-000-0000","2012-03-01","S58207","SITE022","US","N","XX-S58207"
"AA-AA-000-0000","2012-03-01","S25947","SITE2923","Japan","Y","XX-S25947"
"AA-AA-000-0000","2012-03-01","S6562","SITE6900","Japan","Y","XX-S6562"
"AA-AA-000-0000","2012-03-01","S33130","SITE8091","UK","Y","XX-S33130"
"AA-AA-000-0000","2012-03-01","S62014","SITE2923","Japan","Y","XX-S62014"
"AA-AA-000-0000","2012-03-01","S69635","SITE4424","UK","Y","XX-S69635"
"AA-AA-000-0000","2012-03-01","S79019","SITE7983","US","Y","XX-S79019"
"AA-AA-000-0000","2012-03-01","S4440","SITE4590","US","Y","XX-S4440"
"AA-AA-000-0000","2012-03-01","S31340","SITE4072","Japan","Y","XX-S31340"
"AA-AA-000-0000","2012-03-01","S19037","SITE2986","US","N","XX-S19037"
"AA-AA-000-0000","2012-03-01","S46151","SITE5185","UK","Y","XX-S46151"
"AA-AA-000-0000","2012-03-01","S79445","SITE8786","US","N","XX-S79445"
"AA-AA-000-0000","2012-03-01","S41047","SITE8361","UK","Y","XX-S41047"
"AA-AA-000-0000","2012-03-01","S10799","SITE1102","UK","Y","XX-S10799"
"AA-AA-000-0000","2012-03-01","S67883","SITE4072","Japan","Y","XX-S67883"
"AA-AA-000-0000","2012-03-01","S10304","SITE2894","US","Y","XX-S10304"
"AA-AA-000-0000","2012-03-01","S99905","SITE1934","Japan","Y","XX-S99905"
"AA-AA-000-0000","2012-03-01","S7201","SITE2986","US","Y","XX-S7201"
"AA-AA-000-0000","2012-03-01","S59247","SITE7208","US","N","XX-S59247"
"AA-AA-000-0000","2012-03-01","S69543","SITE8799","UK","Y","XX-S69543"
"AA-AA-000-0000","2012-03-01","S76175","SITE022","US","N","XX-S76175"
"AA-AA-000-0000","2012-03-01","S31773","SITE2923","Japan","N","XX-S31773"
"AA-AA-000-0000","2012-03-01","S5553","SITE1841","Japan","Y","XX-S5553"
"AA-AA-000-0000","2012-03-01","S88386","SITE5895","Japan","Y","XX-S88386"
"AA-AA-000-0000","2012-03-01","S19838","SITE9516","UK","Y","XX-S19838"
"AA-AA-000-0000","2012-03-01","S61175","SITE7983","US","Y","XX-S61175"
"AA-AA-000-0000","2012-03-01","S97832","SITE9395","US","Y","XX-S97832"
"AA-AA-000-0000","2012-03-01","S43690","SITE759","US","Y","XX-S43690"
"AA-AA-000-0000","2012-03-01","S60089","SITE4314","UK","Y","XX-S60089"
"AA-AA-000-0000","2012-03-01","S51408","SITE216","US","Y","XX-S51408"
"AA-AA-000-0000","2012-03-01","S72238","SITE8997","Japan","Y","XX-S72238"
"AA-AA-000-0000","2012-03-01","S5099","SITE216","US","Y","XX-S5099"
"AA-AA-000-0000","2012-03-01","S16215","SITE7246","UK","Y","XX-S16215"
"AA-AA-000-0000","2012-03-01","S3138","SITE5611","US","Y","XX-S3138"
"AA-AA-000-0000","2012-03-01","S18151","SITE3989","US","Y","XX-S18151"
"AA-AA-000-0000","2012-03-01","S58783","SITE9580","UK","Y","XX-S58783"
"AA-AA-000-0000","2012-03-01","S76844","SITE3719","Japan","Y","XX-S76844"
"AA-AA-000-0000","2012-03-01","S99062","SITE7838","UK","Y","XX-S99062"
"AA-AA-000-0000","2012-03-01","S17026","SITE759","US","Y","XX-S17026"
"AA-AA-000-0000","2012-03-01","S56513","SITE8786","US","Y","XX-S56513"
"AA-AA-000-0000","2012-03-01","S57469","SITE8420","US","Y","XX-S57469"
"AA-AA-000-0000","2012-03-01","S96707","SITE9604","UK","Y","XX-S96707"
"AA-AA-000-0000","2012-03-01","S28822","SITE3353","US","Y","XX-S28822"
"AA-AA-000-0000","2012-03-01","S58159","SITE3353","US","Y","XX-S58159"
"AA-AA-000-0000","2012-03-01","S2826","SITE8084","UK","Y","XX-S2826"
"AA-AA-000-0000","2012-03-01","S16271","SITE2170","Japan","Y","XX-S16271"
"AA-AA-000-0000","2012-03-01","S65486","SITE2192","UK","Y","XX-S65486"
"AA-AA-000-0000","2012-03-01","S17055","SITE8799","UK","Y","XX-S17055"
"AA-AA-000-0000","2012-03-01","S27284","SITE6410","US","Y","XX-S27284"
"AA-AA-000-0000","2012-03-01","S47431","SITE2170","Japan","Y","XX-S47431"
"AA-AA-000-0000","2012-03-01","S97812","SITE3719","Japan","Y","XX-S97812"
"AA-AA-000-0000","2012-03-01","S18183","SITE7913","US","Y","XX-S18183"
"AA-AA-000-0000","2012-03-01","S49591","SITE8625","US","N","XX-S49591"
"AA-AA-000-0000","2012-03-01","S48712","SITE9516","UK","N","XX-S48712"
"AA-AA-000-0000","2012-03-01","S89464","SITE8997","Japan","Y","XX-S89464"
"AA-AA-000-0000","2012-03-01","S71307","SITE4597","Japan","Y","XX-S71307"
"AA-AA-000-0000","2012-03-01","S41126","SITE5895","Japan","Y","XX-S41126"
"AA-AA-000-0000","2012-03-01","S39490","SITE4424","UK","Y","XX-S39490"
"AA-AA-000-0000","2012-03-01","S13860","SITE2532","US","Y","XX-S13860"
"AA-AA-000-0000","2012-03-01","S4201","SITE1786","Japan","Y","XX-S4201"
"AA-AA-000-0000","2012-03-01","S78360","SITE7184","US","Y","XX-S78360"
"AA-AA-000-0000","2012-03-01","S1000","SITE4275","Japan","Y","XX-S1000"
"AA-AA-000-0000","2012-03-01","S11205","SITE2373","UK","Y","XX-S11205"
"AA-AA-000-0000","2012-03-01","S88305","SITE3839","UK","Y","XX-S88305"
"AA-AA-000-0000","2012-03-01","S98111","SITE8768","US","Y","XX-S98111"
"AA-AA-000-0000","2012-03-01","S96835","SITE5062","US","Y","XX-S96835"
"AA-AA-000-0000","2012-03-01","S74207","SITE213","UK","Y","XX-S74207"
"AA-AA-000-0000","2012-03-01","S66365","SITE9142","Japan","Y","XX-S66365"
"AA-AA-000-0000","2012-03-01","S34163","SITE9395","US","Y","XX-S34163"
"AA-AA-000-0000","2012-03-01","S5595","SITE6068","Japan","Y","XX-S5595"
"AA-AA-000-0000","2012-03-01","S66858","SITE6603","UK","Y","XX-S66858"
"AA-AA-000-0000","2012-03-01","S83042","SITE9346","UK","N","XX-S83042"
"AA-AA-000-0000","2012-03-01","S79136","SITE3938","US","N","XX-S79136"
"AA-AA-000-0000","2012-03-01","S89977","SITE9858","UK","Y","XX-S89977"
"AA-AA-000-0000","2012-03-01","S71065","SITE2323","Japan","Y","XX-S71065"
"AA-AA-000-0000","2012-03-01","S60035","SITE8091","UK","N","XX-S60035"
"AA-AA-000-0000","2012-03-01","S75112","SITE8786","US","N","XX-S75112"
"AA-AA-000-0000","2012-03-01","S98168","SITE8835","US","Y","XX-S98168"
"AA-AA-000-0000","2012-03-01","S66483","SITE6384","UK","Y","XX-S66483"
"AA-AA-000-0000","2012-03-01","S56696","SITE7208","US","N","XX-S56696"
"AA-AA-000-0000","2012-03-01","S91542","SITE8633","Japan","Y","XX-S91542"
"AA-AA-000-0000","2012-03-01","S47134","SITE6572","Japan","Y","XX-S47134"
"AA-AA-000-0000","2012-03-01","S10259","SITE8768","US","Y","XX-S10259"
"AA-AA-000-0000","2012-03-01","S59671","SITE5611","US","N","XX-S59671"
"AA-AA-000-0000","2012-03-01","S93973","SITE9142","Japan","N","XX-S93973"
"AA-AA-000-0000","2012-03-01","S52377","SITE3353","US","Y","XX-S52377"
"AA-AA-000-0000","2012-03-01","S13011","SITE9414","UK","Y","XX-S13011"
"AA-AA-000-0000","2012-03-01","S62897","SITE9884","UK","Y","XX-S62897"
"AA-AA-000-0000","2012-03-01","S83378","SITE4072","Japan","Y","XX-S83378"
"AA-AA-000-0000","2012-03-01","S36814","SITE1233","US","Y","XX-S36814"
"AA-AA-000-0000","2012-03-01","S37024","SITE7913","US","Y","XX-S37024"
"AA-AA-000-0000","2012-03-01","S46920","SITE9661","UK","Y","XX-S46920"
"AA-AA-000-0000","2012-03-01","S74901","SITE1982","US","Y","XX-S74901"
"AA-AA-000-0000","2012-03-01","S28612","SITE8084","UK","Y","XX-S28612"
"AA-AA-000-0000","2012-03-01","S35737","SITE1233","US","Y","XX-S35737"
"AA-AA-000-0000","2012-03-01","S20392","SITE3077","UK","Y","XX-S20392"
"AA-AA-000-0000","2012-03-01","S96070","SITE2980","UK","Y","XX-S96070"
"AA-AA-000-0000","2012-03-01","S26710","SITE1273","UK","Y","XX-S26710"
"AA-AA-000-0000","2012-03-01","S9283","SITE6068","Japan","Y","XX-S9283"
"AA-AA-000-0000","2012-03-01","S91652","SITE5062","US","Y","XX-S91652"
"AA-AA-000-0000","2012-03-01","S28149","SITE7208","US","N","XX-S28149"
"AA-AA-000-0000","2012-03-01","S18588","SITE2986","US","Y","XX-S18588"
"AA-AA-000-0000","2012-03-01","S97280","SITE022","US","Y","XX-S97280"
"AA-AA-000-0000","2012-03-01","S30183","SITE6123","US","Y","XX-S30183"
"AA-AA-000-0000","2012-03-01","S17408","SITE7983","US","Y","XX-S17408"
"AA-AA-000-0000","2012-03-01","S69130","SITE5033","US","Y","XX-S69130"
"AA-AA-000-0000","2012-03-01","S10135","SITE1841","Japan","N","XX-S10135"
"AA-AA-000-0000","2012-03-01","S69905","SITE1841","Japan","N","XX-S69905"
"AA-AA-000-0000","2012-03-01","S47980","SITE3319","Japan","N","XX-S47980"
"AA-AA-000-0000","2012-03-01","S36576","SITE2532","US","Y","XX-S36576"
"AA-AA-000-0000","2012-03-01","S21522","SITE7860","US","Y","XX-S21522"
"AA-AA-000-0000","2012-03-01","S80880","SITE4959","US","Y","XX-S80880"
"AA-AA-000-0000","2012-03-01","S73984","SITE8625","US","Y","XX-S73984"
"AA-AA-000-0000","2012-03-01","S20468","SITE4155","UK","Y","XX-S20468"
"AA-AA-000-0000","2012-03-01","S76005","SITE2923","Japan","Y","XX-S76005"
"AA-AA-000-0000","2012-03-01","S7616","SITE2986","US","Y","XX-S7616"
"AA-AA-000-0000","2012-03-01","S36196","SITE3077","UK","N","XX-S36196"
"AA-AA-000-0000","2012-03-01","S87088","SITE216","US","Y","XX-S87088"
"AA-AA-000-0000","2012-03-01","S9005","SITE1910","US","Y","XX-S9005"
"AA-AA-000-0000","2012-03-01","S68220","SITE3353","US","Y","XX-S68220"
"AA-AA-000-0000","2012-03-01","S75060","SITE9346","UK","Y","XX-S75060"
"AA-AA-000-0000","2012-03-01","S78863","SITE404","US","Y","XX-S78863"
"AA-AA-000-0000","2012-03-01","S46545","SITE4597","Japan","Y","XX-S46545"
"AA-AA-000-0000","2012-03-01","S91426","SITE7004","US","Y","XX-S91426"
"AA-AA-000-0000","2012-03-01","S85405","SITE022","US","Y","XX-S85405"
"AA-AA-000-0000","2012-03-01","S4719","SITE1750","US","N","XX-S4719"
"AA-AA-000-0000","2012-03-01","S43241","SITE2986","US","N","XX-S43241"
"AA-AA-000-0000","2012-03-01","S61762","SITE9418","UK","N","XX-S61762"
"AA-AA-000-0000","2012-03-01","S50437","SITE2894","US","Y","XX-S50437"
"AA-AA-000-0000","2012-03-01","S27498","SITE4744","US","Y","XX-S27498"
"AA-AA-000-0000","2012-03-01","S66674","SITE759","US","N","XX-S66674"
"AA-AA-000-0000","2012-03-01","S7081","SITE8768","US","Y","XX-S7081"
"AA-AA-000-0000","2012-03-01","S46121","SITE9661","UK","Y","XX-S46121"
"AA-AA-000-0000","2012-03-01","S52675","SITE4597","Japan","N","XX-S52675"
"AA-AA-000-0000","2012-03-01","S19368","SITE9418","UK","Y","XX-S19368"
"AA-AA-000-0000","2012-03-01","S9738","SITE3938","US","N","XX-S9738"
"AA-AA-000-0000","2012-03-01","S84029","SITE4612","US","Y","XX-S84029"
"AA-AA-000-0000","2012-03-01","S64520","SITE101","UK","Y","XX-S64520"
"AA-AA-000-0000","2012-03-01","S32542","SITE6155","UK","Y","XX-S32542"
"AA-AA-000-0000","2012-03-01","S75583","SITE4155","UK","Y","XX-S75583"
"AA-AA-000-0000","2012-03-01","S5727","SITE3839","UK","N","XX-S5727"
"AA-AA-000-0000","2012-03-01","S99904","SITE3871","UK","Y","XX-S99904"
"AA-AA-000-0000","2012-03-01","S82738","SITE9395","US","Y","XX-S82738"
"AA-AA-000-0000","2012-03-01","S60833","SITE4590","US","Y","XX-S60833"
"AA-AA-000-0000","2012-03-01","S38629","SITE7838","UK","Y","XX-S38629"
"AA-AA-000-0000","2012-03-01","S7372","SITE1727","UK","Y","XX-S7372"
"AA-AA-000-0000","2012-03-01","S10435","SITE9884","UK","N","XX-S10435"
"AA-AA-000-0000","2012-03-01","S20816","SITE9737","Japan","N","XX-S20816"
"AA-AA-000-0000","2012-03-01","S95764","SITE3415","US","Y","XX-S95764"
"AA-AA-000-0000","2012-03-01","S84946","SITE2373","UK","N","XX-S84946"
"AA-AA-000-0000","2012-03-01","S15149","SITE3081","Japan","Y","XX-S15149"
"AA-AA-000-0000","2012-03-01","S62607","SITE3871","UK","Y","XX-S62607"
"AA-AA-000-0000","2012-03-01","S19352","SITE4874","Japan","N","XX-S19352"
"AA-AA-000-0000","2012-03-01","S74044","SITE8627","US","Y","XX-S74044"
"AA-AA-000-0000","2012-03-01","S74860","SITE8210","US","N","XX-S74860"
"AA-AA-000-0000","2012-03-01","S33090","SITE4959","US","Y","XX-S33090"
"AA-AA-000-0000","2012-03-01","S85139","SITE8616","US","N","XX-S85139"
"AA-AA-000-0000","2012-03-01","S79588","SITE4323","US","Y","XX-S79588"
"AA-AA-000-0000","2012-03-01","S97620","SITE3938","US","Y","XX-S97620"
"AA-AA-000-0000","2012-03-01","S94354","SITE1841","Japan","Y","XX-S94354"
"AA-AA-000-0000","2012-03-01","S57341","SITE4155","UK","N","XX-S57341"
"AA-AA-000-0000","2012-03-01","S41141","SITE101","UK","N","XX-S41141"
"AA-AA-000-0000","2012-03-01","S30564","SITE4703","Japan","Y","XX-S30564"
"AA-AA-000-0000","2012-03-01","S39348","SITE9884","UK","Y","XX-S39348"
"AA-AA-000-0000","2012-03-01","S76127","SITE4590","US","Y","XX-S76127"
"AA-AA-000-0000","2012-03-01","S26696","SITE8420","US","Y","XX-S26696"
"AA-AA-000-0000","2012-03-01","S58285","SITE8210","US","Y","XX-S58285"
"AA-AA-000-0000","2012-03-01","S70286","SITE2170","Japan","Y","XX-S70286"
"AA-AA-000-0000","2012-03-01","S90331","SITE022","US","N","XX-S90331"
"AA-AA-000-0000","2012-03-01","S51905","SITE4072","Japan","Y","XX-S51905"
"AA-AA-000-0000","2012-03-01","S3221","SITE8799","UK","Y","XX-S3221"
"AA-AA-000-0000","2012-03-01","S52700","SITE6184","UK","Y","XX-S52700"
"AA-AA-000-0000","2012-03-01","S49686","SITE8997","Japan","Y","XX-S49686"
"AA-AA-000-0000","2012-03-01","S37347","SITE9661","UK","Y","XX-S37347"
"AA-AA-000-0000","2012-03-01","S32005","SITE3871","UK","Y","XX-S32005"
"AA-AA-000-0000","2012-03-01","S96959","SITE3759","UK","N","XX-S96959"
"AA-AA-000-0000","2012-03-01","S4606","SITE958","UK","Y","XX-S4606"
"AA-AA-000-0000","2012-03-01","S50507","SITE9147","Japan","Y","XX-S50507"
"AA-AA-000-0000","2012-03-01","S84941","SITE3353","US","Y","XX-S84941"
"AA-AA-000-0000","2012-03-01","S15985","SITE022","US","Y","XX-S15985"
"AA-AA-000-0000","2012-03-01","S12296","SITE8997","Japan","N","XX-S12296"
"AA-AA-000-0000","2012-03-01","S4064","SITE4314","UK","Y","XX-S4064"
"AA-AA-000-0000","2012-03-01","S95245","SITE6123","US","Y","XX-S95245"
"AA-AA-000-0000","2012-03-01","S21703","SITE2030","Japan","Y","XX-S21703"
"AA-AA-000-0000","2012-03-01","S86977","SITE4629","Japan","Y","XX-S86977"
"AA-AA-000-0000","2012-03-01","S45479","SITE3289","US","Y","XX-S45479"
"AA-AA-000-0000","2012-03-01","S88758","SITE5217","Japan","Y","XX-S88758"
"AA-AA-000-0000","2012-03-01","S34202","SITE3068","Japan","Y","XX-S34202"
"AA-AA-000-0000","2012-03-01","S78281","SITE9661","UK","N","XX-S78281"
"AA-AA-000-0000","2012-03-01","S98076","SITE6384","UK","Y","XX-S98076"
"AA-AA-000-0000","2012-03-01","S74871","SITE9858","UK","Y","XX-S74871"
"AA-AA-000-0000","2012-03-01","S56125","SITE9082","US","N","XX-S56125"
"AA-AA-000-0000","2012-03-01","S71508","SITE4260","US","Y","XX-S71508"
"AA-AA-000-0000","2012-03-01","S54797","SITE4260","US","Y","XX-S54797"
"AA-AA-000-0000","2012-03-01","S25649","SITE3719","Japan","Y","XX-S25649"
"AA-AA-000-0000","2012-03-01","S2517","SITE7208","US","Y","XX-S2517"
"AA-AA-000-0000","2012-03-01","S22616","SITE7004","US","Y","XX-S22616"
"AA-AA-000-0000","2012-03-01","S97597","SITE2373","UK","Y","XX-S97597"
"AA-AA-000-0000","2012-03-01","S59666","SITE6832","Japan","Y","XX-S59666"
"AA-AA-000-0000","2012-03-01","S9545","SITE7860","US","Y","XX-S9545"
"AA-AA-000-0000","2012-03-01","S83653","SITE4260","US","N","XX-S83653"
"AA-AA-000-0000","2012-03-01","S12836","SITE4874","Japan","Y","XX-S12836"
"AA-AA-000-0000","2012-03-01","S11732","SITE9604","UK","Y","XX-S11732"
"AA-AA-000-0000","2012-03-01","S39820","SITE2883","Japan","N","XX-S39820"
"AA-AA-000-0000","2012-03-01","S66000","SITE2354","UK","N","XX-S66000"
"AA-AA-000-0000","2012-03-01","S6419","SITE4875","US","Y","XX-S6419"
"AA-AA-000-0000","2012-03-01","S87971","SITE3989","US","Y","XX-S87971"
"AA-AA-000-0000","2012-03-01","S75534","SITE9360","Japan","Y","XX-S75534"
"AA-AA-000-0000","2012-03-01","S2443","SITE2192","UK","N","XX-S2443"
"AA-AA-000-0000","2012-03-01","S48359","SITE2030","Japan","N","XX-S48359"
"AA-AA-000-0000","2012-03-01","S8545","SITE3289","US","N","XX-S8545"
"AA-AA-000-0000","2012-03-01","S72065","SITE8768","US","Y","XX-S72065"
"AA-AA-000-0000","2012-03-01","S55895","SITE6991","US","Y","XX-S55895"
"AA-AA-000-0000","2012-03-01","S87795","SITE9661","UK","N","XX-S87795"
"AA-AA-000-0000","2012-03-01","S30755","SITE8517","UK","Y","XX-S30755"
"AA-AA-000-0000","2012-03-01","S57832","SITE5384","UK","N","XX-S57832"
"AA-AA-000-0000","2012-03-01","S58507","SITE9604","UK","N","XX-S58507"
"AA-AA-000-0000","2012-03-01","S32416","SITE8354","Japan","N","XX-S32416"
"AA-AA-000-0000","2012-03-01","S66280","SITE5062","US","Y","XX-S66280"
"AA-AA-000-0000","2012-03-01","S52102","SITE2883","Japan","Y","XX-S52102"
"AA-AA-000-0000","2012-03-01","S15399","SITE2323","Japan","N","XX-S15399"
"AA-AA-000-0000","2012-03-01","S8638","SITE1841","Japan","Y","XX-S8638"
"AA-AA-000-0000","2012-03-01","S55631","SITE759","US","Y","XX-S55631"
"AA-AA-000-0000","2012-03-01","S86409","SITE216","US","Y","XX-S86409"
"AA-AA-000-0000","2012-03-01","S4787","SITE4260","US","Y","XX-S4787"
"AA-AA-000-0000","2012-03-01","S26740","SITE6991","US","N","XX-S26740"
"AA-AA-000-0000","2012-03-01","S52058","SITE8210","US","N","XX-S52058"
"AA-AA-000-0000","2012-03-01","S56026","SITE4980","US","N","XX-S56026"
"AA-AA-000-0000","2012-03-01","S38737","SITE2532","US","Y","XX-S38737"
"AA-AA-000-0000","2012-03-01","S90769","SITE1748","Japan","Y","XX-S90769"
"AA-AA-000-0000","2012-03-01","S27025","SITE1257","Japan","Y","XX-S27025"
"AA-AA-000-0000","2012-03-01","S31209","SITE5217","Japan","N","XX-S31209"
"AA-AA-000-0000","2012-03-01","S27114","SITE8768","US","Y","XX-S27114"
"AA-AA-000-0000","2012-03-01","S10097","SITE1982","US","N","XX-S10097"
"AA-AA-000-0000","2012-03-01","S34559","SITE7096","UK","N","XX-S34559"
"AA-AA-000-0000","2012-03-01","S49753","SITE4072","Japan","Y","XX-S49753"
"AA-AA-000-0000","2012-03-01","S91524","SITE3353","US","Y","XX-S91524"
"AA-AA-000-0000","2012-03-01","S65083","SITE4629","Japan","Y","XX-S65083"
"AA-AA-000-0000","2012-03-01","S50044","SITE4072","Japan","Y","XX-S50044"
"AA-AA-000-0000","2012-03-01","S13100","SITE1910","US","Y","XX-S13100"
"AA-AA-000-0000","2012-03-01","S84687","SITE4671","UK","N","XX-S84687"
"AA-AA-000-0000","2012-03-01","S9356","SITE6991","US","Y","XX-S9356"
"AA-AA-000-0000","2012-03-01","S30086","SITE9884","UK","Y","XX-S30086"
"AA-AA-000-0000","2012-03-01","S5386","SITE8091","UK","Y","XX-S5386"
"AA-AA-000-0000","2012-03-01","S26717","SITE6184","UK","Y","XX-S26717"
"AA-AA-000-0000","2012-03-01","S25574","SITE2894","US","Y","XX-S25574"
"AA-AA-000-0000","2012-03-01","S89940","SITE4597","Japan","Y","XX-S89940"
"AA-AA-000-0000","2012-03-01","S34320","SITE1233","US","N","XX-S34320"
"AA-AA-000-0000","2012-03-01","S49279","SITE9858","UK","Y","XX-S49279"
"AA-AA-000-0000","2012-03-01","S43308","SITE6155","UK","Y","XX-S43308"
"AA-AA-000-0000","2012-03-01","S10731","SITE5384","UK","Y","XX-S10731"
"AA-AA-000-0000","2012-03-01","S87138","SITE7246","UK","N","XX-S87138"
"AA-AA-000-0000","2012-03-01","S89979","SITE3289","US","Y","XX-S89979"
"AA-AA-000-0000","2012-03-01","S37258","SITE3068","Japan","Y","XX-S37258"
"AA-AA-000-0000","2012-03-01","S21660","SITE7860","US","Y","XX-S21660"
"AA-AA-000-0000","2012-03-01","S2243","SITE5062","US","Y","XX-S2243"
"AA-AA-000-0000","2012-03-01","S23641","SITE4875","US","N","XX-S23641"
"AA-AA-000-0000","2012-03-01","S85597","SITE1748","Japan","Y","XX-S85597"
"AA-AA-000-0000","2012-03-01","S26481","SITE2354","UK","Y","XX-S26481"
"AA-AA-000-0000","2012-03-01","S65919","SITE3754","US","Y","XX-S65919"
"AA-AA-000-0000","2012-03-01","S17884","SITE2323","Japan","N","XX-S17884"
"AA-AA-000-0000","2012-03-01","S74929","SITE4754","US","N","XX-S74929"
"AA-AA-000-0000","2012-03-01","S38984","SITE8625","US","Y","XX-S38984"
"AA-AA-000-0000","2012-03-01","S4220","SITE4543","Japan","N","XX-S4220"
"AA-AA-000-0000","2012-03-01","S10055","SITE1786","Japan","N","XX-S10055"
"AA-AA-000-0000","2012-03-01","S5685","SITE7604","US","Y","XX-S5685"
"AA-AA-000-0000","2012-03-01","S48158","SITE9766","Japan","Y","XX-S48158"
"AA-AA-000-0000","2012-03-01","S9617","SITE1748","Japan","N","XX-S9617"
"AA-AA-000-0000","2012-03-01","S35719","SITE2901","US","N","XX-S35719"
"AA-AA-000-0000","2012-03-01","S63009","SITE5033","US","N","XX-S63009"
"AA-AA-000-0000","2012-03-01","S35050","SITE1233","US","Y","XX-S35050"
"AA-AA-000-0000","2012-03-01","S93758","SITE3839","UK","Y","XX-S93758"
"AA-AA-000-0000","2012-03-01","S92734","SITE1748","Japan","Y","XX-S92734"
"AA-AA-000-0000","2012-03-01","S11029","SITE9395","US","N","XX-S11029"
"AA-AA-000-0000","2012-03-01","S31060","SITE8210","US","Y","XX-S31060"
"AA-AA-000-0000","2012-03-01","S82537","SITE8351","UK","Y","XX-S82537"
"AA-AA-000-0000","2012-03-01","S5760","SITE5895","Japan","N","XX-S5760"
"AA-AA-000-0000","2012-03-01","S8070","SITE2323","Japan","N","XX-S8070"
"AA-AA-000-0000","2012-03-01","S23281","SITE180","UK","Y","XX-S23281"
"AA-AA-000-0000","2012-03-01","S30394","SITE4671","UK","Y","XX-S30394"
"AA-AA-000-0000","2012-03-01","S46425","SITE2532","US","Y","XX-S46425"
"AA-AA-000-0000","2012-03-01","S57720","SITE8354","Japan","Y","XX-S57720"
"AA-AA-000-0000","2012-03-01","S48757","SITE3415","US","Y","XX-S48757"
"AA-AA-000-0000","2012-03-01","S62875","SITE4874","Japan","Y","XX-S62875"
"AA-AA-000-0000","2012-03-01","S10678","SITE4543","Japan","Y","XX-S10678"
"AA-AA-000-0000","2012-03-01","S35234","SITE9360","Japan","Y","XX-S35234"
"AA-AA-000-0000","2012-03-01","S26943","SITE4260","US","Y","XX-S26943"
"AA-AA-000-0000","2012-03-01","S25188","SITE3353","US","Y","XX-S25188"
"AA-AA-000-0000","2012-03-01","S79126","SITE7208","US","Y","XX-S79126"
"AA-AA-000-0000","2012-03-01","S52047","SITE7838","UK","Y","XX-S52047"
"AA-AA-000-0000","2012-03-01","S59281","SITE1934","Japan","N","XX-S59281"
"AA-AA-000-0000","2012-03-01","S63755","SITE1935","Japan","Y","XX-S63755"
"AA-AA-000-0000","2012-03-01","S53217","SITE8835","US","Y","XX-S53217"
"AA-AA-000-0000","2012-03-01","S83600","SITE6991","US","Y","XX-S83600"
"AA-AA-000-0000","2012-03-01","S89486","SITE7983","US","Y","XX-S89486"
"AA-AA-000-0000","2012-03-01","S85267","SITE7543","Japan","Y","XX-S85267"
"AA-AA-000-0000","2012-03-01","S51248","SITE4671","UK","Y","XX-S51248"
"AA-AA-000-0000","2012-03-01","S97790","SITE958","UK","Y","XX-S97790"
"AA-AA-000-0000","2012-03-01","S29136","SITE4323","US","Y","XX-S29136"
"AA-AA-000-0000","2012-03-01","S45162","SITE4072","Japan","Y","XX-S45162"
"AA-AA-000-0000","2012-03-01","S91789","SITE1233","US","Y","XX-S91789"
"AA-AA-000-0000","2012-03-01","S13775","SITE8768","US","Y","XX-S13775"
"AA-AA-000-0000","2012-03-01","S28235","SITE9360","Japan","N","XX-S28235"
"AA-AA-000-0000","2012-03-01","S13662","SITE4323","US","Y","XX-S13662"
"AA-AA-000-0000","2012-03-01","S27538","SITE5611","US","Y","XX-S27538"
"AA-AA-000-0000","2012-03-01","S63927","SITE4875","US","Y","XX-S63927"
"AA-AA-000-0000","2012-03-01","S82873","SITE7004","US","Y","XX-S82873"
"AA-AA-000-0000","2012-03-01","S34053","SITE6155","UK","N","XX-S34053"
"AA-AA-000-0000","2012-03-01","S89144","SITE7860","US","Y","XX-S89144"
"AA-AA-000-0000","2012-03-01","S9818","SITE4314","UK","N","XX-S9818"
"AA-AA-000-0000","2012-03-01","S4456","SITE8351","UK","Y","XX-S4456"
"AA-AA-000-0000","2012-03-01","S74155","SITE3319","Japan","Y","XX-S74155"
"AA-AA-000-0000","2012-03-01","S35919","SITE3415","US","N","XX-S35919"
"AA-AA-000-0000","2012-03-01","S72956","SITE2192","UK","Y","XX-S72956"
"AA-AA-000-0000","2012-03-01","S37943","SITE8788","Japan","Y","XX-S37943"
"AA-AA-000-0000","2012-03-01","S21561","SITE4028","Japan","N","XX-S21561"
"AA-AA-000-0000","2012-03-01","S60588","SITE5289","US","N","XX-S60588"
"AA-AA-000-0000","2012-03-01","S36728","SITE2532","US","Y","XX-S36728"
"AA-AA-000-0000","2012-03-01","S76126","SITE8764","Japan","N","XX-S76126"
"AA-AA-000-0000","2012-03-01","S78305","SITE5611","US","Y","XX-S78305"
"AA-AA-000-0000","2012-03-01","S91694","SITE1786","Japan","Y","XX-S91694"
"AA-AA-000-0000","2012-03-01","S31078","SITE4072","Japan","Y","XX-S31078"
"AA-AA-000-0000","2012-03-01","S97161","SITE4028","Japan","N","XX-S97161"
"AA-AA-000-0000","2012-03-01","S31358","SITE4874","Japan","N","XX-S31358"
"AA-AA-000-0000","2012-03-01","S13400","SITE1273","UK","N","XX-S13400"
"AA-AA-000-0000","2012-03-01","S22743","SITE1910","US","Y","XX-S22743"
"AA-AA-000-0000","2012-03-01","S10245","SITE7543","Japan","Y","XX-S10245"
"AA-AA-000-0000","2012-03-01","S33531","SITE216","US","Y","XX-S33531"
"AA-AA-000-0000","2012-03-01","S081","SITE4744","US","N","XX-S081"
"AA-AA-000-0000","2012-03-01","S55694","SITE5033","US","Y","XX-S55694"
"AA-AA-000-0000","2012-03-01","S92349","SITE5611","US","N","XX-S92349"
"AA-AA-000-0000","2012-03-01","S36671","SITE9737","Japan","N","XX-S36671"
"AA-AA-000-0000","2012-03-01","S10555","SITE9142","Japan","Y","XX-S10555"
"AA-AA-000-0000","2012-03-01","S10003","SITE022","US","Y","XX-S10003"
"AA-AA-000-0000","2012-03-01","S93485","SITE2657","UK","N","XX-S93485"
"AA-AA-000-0000","2012-03-01","S53623","SITE4703","Japan","Y","XX-S53623"
"AA-AA-000-0000","2012-03-01","S28309","SITE3909","Japan","Y","XX-S28309"
"AA-AA-000-0000","2012-03-01","S58341","SITE1750","US","Y","XX-S58341"
"AA-AA-000-0000","2012-03-01","S58480","SITE9516","UK","Y","XX-S58480"
"AA-AA-000-0000","2012-03-01","S5842","SITE2170","Japan","Y","XX-S5842"
"AA-AA-000-0000","2012-03-01","S26837","SITE7983","US","Y","XX-S26837"
"AA-AA-000-0000","2012-03-01","S33100","SITE6603","UK","Y","XX-S33100"
"AA-AA-000-0000","2012-03-01","S91199","SITE1786","Japan","N","XX-S91199"
"AA-AA-000-0000","2012-03-01","S57500","SITE3081","Japan","Y","XX-S57500"
"AA-AA-000-0000","2012-03-01","S46895","SITE6440","US","Y","XX-S46895"
"AA-AA-000-0000","2012-03-01","S82487","SITE2170","Japan","Y","XX-S82487"
"AA-AA-000-0000","2012-03-01","S30924","SITE2883","Japan","N","XX-S30924"
"AA-AA-000-0000","2012-03-01","S63061","SITE1727","UK","Y","XX-S63061"
"AA-AA-000-0000","2012-03-01","S23054","SITE8616","US","Y","XX-S23054"
"AA-AA-000-0000","2012-03-01","S53371","SITE7096","UK","Y","XX-S53371"
"AA-AA-000-0000","2012-03-01","S32051","SITE4543","Japan","Y","XX-S32051"
"AA-AA-000-0000","2012-03-01","S6168","SITE2323","Japan","Y","XX-S6168"
"AA-AA-000-0000","2012-03-01","S92286","SITE1934","Japan","Y","XX-S92286"
"AA-AA-000-0000","2012-03-01","S25289","SITE3090","US","Y","XX-S25289"
"AA-AA-000-0000","2012-03-01","S10308","SITE9580","UK","Y","XX-S10308"
"AA-AA-000-0000","2012-03-01","S72199","SITE3415","US","N","XX-S72199"
"AA-AA-000-0000","2012-03-01","S75216","SITE3759","UK","Y","XX-S75216"
"AA-AA-000-0000","2012-03-01","S57344","SITE4275","Japan","N","XX-S57344"
"AA-AA-000-0000","2012-03-01","S8342","SITE180","UK","Y","XX-S8342"
"AA-AA-000-0000","2012-03-01","S74623","SITE9418","UK","Y","XX-S74623"
"AA-AA-000-0000","2012-03-01","S37158","SITE2657","UK","N","XX-S37158"
"AA-AA-000-0000","2012-03-01","S81008","SITE4744","US","N","XX-S81008"
"AA-AA-000-0000","2012-03-01","S902","SITE8997","Japan","Y","XX-S902"
"AA-AA-000-0000","2012-03-01","S25994","SITE3068","Japan","N","XX-S25994"
"AA-AA-000-0000","2012-03-01","S98419","SITE4275","Japan","N","XX-S98419"
"AA-AA-000-0000","2012-03-01","S91571","SITE2373","UK","Y","XX-S91571"
"AA-AA-000-0000","2012-03-01","S96107","SITE9516","UK","Y","XX-S96107"
"AA-AA-000-0000","2012-03-01","S83032","SITE2901","US","Y","XX-S83032"
"AA-AA-000-0000","2012-03-01","S7876","SITE8997","Japan","N","XX-S7876"
"AA-AA-000-0000","2012-03-01","S21217","SITE8351","UK","Y","XX-S21217"
"AA-AA-000-0000","2012-03-01","S53746","SITE3319","Japan","N","XX-S53746"
"AA-AA-000-0000","2012-03-01","S13636","SITE9082","US","Y","XX-S13636"
"AA-AA-000-0000","2012-03-01","S54258","SITE4612","US","Y","XX-S54258"
"AA-AA-000-0000","2012-03-01","S72738","SITE4959","US","Y","XX-S72738"
"AA-AA-000-0000","2012-03-01","S51812","SITE759","US","N","XX-S51812"
"AA-AA-000-0000","2012-03-01","S3541","SITE6832","Japan","N","XX-S3541"
"AA-AA-000-0000","2012-03-01","S28134","SITE5895","Japan","Y","XX-S28134"
"AA-AA-000-0000","2012-03-01","S78806","SITE1727","UK","Y","XX-S78806"
"AA-AA-000-0000","2012-03-01","S543","SITE8786","US","Y","XX-S543"
"AA-AA-000-0000","2012-03-01","S73010","SITE7809","Japan","Y","XX-S73010"
"AA-AA-000-0000","2012-03-01","S74305","SITE2894","US","Y","XX-S74305"
"AA-AA-000-0000","2012-03-01","S90641","SITE5895","Japan","N","XX-S90641"
"AA-AA-000-0000","2012-03-01","S83923","SITE6155","UK","Y","XX-S83923"
"AA-AA-000-0000","2012-03-01","S71689","SITE7184","US","Y","XX-S71689"
"AA-AA-000-0000","2012-03-01","S41976","SITE6832","Japan","Y","XX-S41976"
"AA-AA-000-0000","2012-03-01","S28129","SITE1934","Japan","Y","XX-S28129"
"AA-AA-000-0000","2012-03-01","S25006","SITE3754","US","N","XX-S25006"
"AA-AA-000-0000","2012-03-01","S30571","SITE7246","UK","N","XX-S30571"
"AA-AA-000-0000","2012-03-01","S86180","SITE6184","UK","Y","XX-S86180"
"AA-AA-000-0000","2012-03-01","S84283","SITE4485","US","Y","XX-S84283"
"AA-AA-000-0000","2012-03-01","S51700","SITE6155","UK","N","XX-S51700"
"AA-AA-000-0000","2012-03-01","S55370","SITE8997","Japan","Y","XX-S55370"
"AA-AA-000-0000","2012-03-01","S88686","SITE4744","US","Y","XX-S88686"
"AA-AA-000-0000","2012-03-01","S11867","SITE8768","US","Y","XX-S11867"
"AA-AA-000-0000","2012-03-01","S1505","SITE8764","Japan","Y","XX-S1505"
"AA-AA-000-0000","2012-03-01","S92643","SITE7734","US","Y","XX-S92643"
"AA-AA-000-0000","2012-03-01","S74139","SITE4590","US","Y","XX-S74139"
"AA-AA-000-0000","2012-03-01","S7156","SITE7543","Japan","N","XX-S7156"
"AA-AA-000-0000","2012-03-01","S69884","SITE9516","UK","Y","XX-S69884"
"AA-AA-000-0000","2012-03-01","S25970","SITE2192","UK","Y","XX-S25970"
"AA-AA-000-0000","2012-03-01","S5401","SITE1750","US","Y","XX-S5401"
"AA-AA-000-0000","2012-03-01","S26565","SITE8354","Japan","Y","XX-S26565"
"AA-AA-000-0000","2012-03-01","S98201","SITE4264","US","Y","XX-S98201"
"AA-AA-000-0000","2012-03-01","S31582","SITE216","US","N","XX-S31582"
"AA-AA-000-0000","2012-03-01","S7484","SITE2192","UK","Y","XX-S7484"
"AA-AA-000-0000","2012-03-01","S95918","SITE5033","US","Y","XX-S95918"
"AA-AA-000-0000","2012-03-01","S86802","SITE9766","Japan","Y","XX-S86802"
"AA-AA-000-0000","2012-03-01","S60942","SITE9418","UK","Y","XX-S60942"
"AA-AA-000-0000","2012-03-01","S60601","SITE1544","Japan","Y","XX-S60601"
"AA-AA-000-0000","2012-03-01","S69909","SITE3319","Japan","Y","XX-S69909"
"AA-AA-000-0000","2012-03-01","S86219","SITE5611","US","N","XX-S86219"
"AA-AA-000-0000","2012-03-01","S6786","SITE5033","US","N","XX-S6786"
"AA-AA-000-0000","2012-03-01","S43670","SITE8351","UK","Y","XX-S43670"
"AA-AA-000-0000","2012-03-01","S5680","SITE2373","UK","N","XX-S5680"
"AA-AA-000-0000","2012-03-01","S23553","SITE7011","US","Y","XX-S23553"
"AA-AA-000-0000","2012-03-01","S75631","SITE2062","Japan","Y","XX-S75631"
"AA-AA-000-0000","2012-03-01","S96278","SITE2354","UK","Y","XX-S96278"
"AA-AA-000-0000","2012-03-01","S76397","SITE4314","UK","Y","XX-S76397"
"AA-AA-000-0000","2012-03-01","S15848","SITE7096","UK","Y","XX-S15848"
"AA-AA-000-0000","2012-03-01","S30329","SITE7208","US","Y","XX-S30329"
"AA-AA-000-0000","2012-03-01","S26131","SITE1748","Japan","Y","XX-S26131"
"AA-AA-000-0000","2012-03-01","S48329","SITE9414","UK","Y","XX-S48329"
"AA-AA-000-0000","2012-03-01","S28548","SITE3839","UK","Y","XX-S28548"
"AA-AA-000-0000","2012-03-01","S11526","SITE2894","US","Y","XX-S11526"
"AA-AA-000-0000","2012-03-01","S96053","SITE5611","US","Y","XX-S96053"
"AA-AA-000-0000","2012-03-01","S29206","SITE2062","Japan","N","XX-S29206"
"AA-AA-000-0000","2012-04-26","S900001","SITE4629","Japan","Y","XX-S900001"
"AA-AA-000-0000","2012-04-26","S900002","SITE8517","UK","Y","XX-S900002"
"AA-AA-000-0000","2012-04-26","S900003","SITE5611","US","Y","XX-S900003"
"AA-AA-000-0000","2012-04-26","S900004","SITE213","UK","Y","XX-S900004"
"AA-AA-000-0000","2012-04-26","S900005","SITE2532","US","Y","XX-S900005"
