SUBJID,TREATMENT,CENTRE,SEX,RACE,LASTDAY,STATUS
01-701-1015,Placebo,701,F,WHITE,182,COMPLETED
01-701-1023,Placebo,701,M,WHITE,29,DISCONTINUED
01-701-1028,Xanomeline High Dose,701,M,WHITE,180,COMPLETED
01-701-1033,Xanomeline Low Dose,701,M,WHITE,28,DISCONTINUED
01-701-1034,Xanomeline High Dose,701,F,WHITE,183,COMPLETED
01-701-1047,Placebo,701,F,WHITE,46,DISCONTINUED
01-701-1097,Xanomeline Low Dose,701,M,WHITE,190,COMPLETED
01-701-1111,Xanomeline Low Dose,701,F,WHITE,11,DISCONTINUED
01-701-1115,Xanomeline Low Dose,701,M,WHITE,55,DISCONTINUED
01-701-1118,Placebo,701,M,WHITE,182,COMPLETED
01-701-1130,Placebo,701,M,WHITE,183,COMPLETED
01-701-1133,Xanomeline High Dose,701,F,WHITE,184,COMPLETED
01-701-1146,Xanomeline High Dose,701,F,WHITE,42,DISCONTINUED
01-701-1148,Xanomeline High Dose,701,M,WHITE,182,COMPLETED
01-701-1153,Placebo,701,F,WHITE,191,COMPLETED
01-701-1180,Xanomeline High Dose,701,M,WHITE,40,DISCONTINUED
01-701-1181,Xanomeline Low Dose,701,F,WHITE,8,DISCONTINUED
01-701-1188,Xanomeline Low Dose,701,M,WHITE,39,DISCONTINUED
01-701-1192,Xanomeline Low Dose,701,F,WHITE,183,COMPLETED
01-701-1203,Placebo,701,F,BLACK OR AFRICAN AMERICAN,183,COMPLETED
01-701-1211,Xanomeline Low Dose,701,F,WHITE,61,DISCONTINUED
01-701-1234,Placebo,701,M,WHITE,177,COMPLETED
01-701-1239,Xanomeline High Dose,701,M,WHITE,182,COMPLETED
01-701-1275,Xanomeline High Dose,701,M,AMERICAN INDIAN OR ALASKA NATIVE,128,DISCONTINUED
