"studyid","compyn","compreas","mincreated_dts","subjid","invid"
"AA-AA-000-0000","Y","","2012-01-01","S71069","SITE8799"
"AA-AA-000-0000","Y","","2012-01-01","S85511","SITE8517"
"AA-AA-000-0000","N","Withdrew Consent","2012-01-01","S32854","SITE6603"
"AA-AA-000-0000","Y","","2012-01-01","S3492","SITE8354"
"AA-AA-000-0000","Y","","2012-01-01","S69485","SITE5033"
"AA-AA-000-0000","N","Withdrew Consent","2012-01-01","S46333","SITE4323"
"AA-AA-000-0000","Y","","2012-01-01","S56091","SITE4590"
"AA-AA-000-0000","Y","","2012-01-01","S34327","SITE7809"
"AA-AA-000-0000","Y","","2012-01-01","S80104","SITE180"
"AA-AA-000-0000","Y","","2012-01-01","S72389","SITE8625"
"AA-AA-000-0000","Y","","2012-01-01","S49825","SITE2532"
"AA-AA-000-0000","N","Lost to Follow-Up","2012-01-01","S26237","SITE8351"
"AA-AA-000-0000","Y","","2012-01-01","S43101","SITE213"
"AA-AA-000-0000","N","Adverse Event","2012-01-01","S66618","SITE6603"
"AA-AA-000-0000","N","Lost to Follow-Up","2012-01-01","S36762","SITE9360"
"AA-AA-000-0000","Y","","2012-01-01","S79133","SITE9580"
"AA-AA-000-0000","Y","","2012-01-01","S13713","SITE9142"
"AA-AA-000-0000","Y","","2012-01-01","S37519","SITE5384"
"AA-AA-000-0000","Y","","2012-01-01","S35834","SITE9142"
"AA-AA-000-0000","Y","","2012-01-01","S46976","SITE8517"
"AA-AA-000-0000","Y","","2012-01-01","S58498","SITE213"
"AA-AA-000-0000","N","Withdrew Consent","2012-01-01","S95900","SITE5384"
"AA-AA-000-0000","Y","","2012-01-01","S9242","SITE9142"
"AA-AA-000-0000","N","Death","2012-01-01","S52979","SITE958"
"AA-AA-000-0000","Y","","2012-01-01","S98267","SITE8633"
"AA-AA-000-0000","Y","","2012-01-01","S56659","SITE958"
"AA-AA-000-0000","Y","","2012-01-01","S32336","SITE8788"
"AA-AA-000-0000","N","Withdrew Consent","2012-01-01","S7833","SITE9360"
"AA-AA-000-0000","Y","","2012-01-01","S56565","SITE1750"
"AA-AA-000-0000","Y","","2012-01-01","S87114","SITE3090"
"AA-AA-000-0000","Y","","2012-01-01","S61706","SITE8351"
"AA-AA-000-0000","Y","","2012-01-01","S14454","SITE4629"
"AA-AA-000-0000","Y","","2012-01-01","S94352","SITE9360"
"AA-AA-000-0000","Y","","2012-01-01","S99639","SITE2192"
"AA-AA-000-0000","Y","","2012-01-01","S74728","SITE5033"
"AA-AA-000-0000","Y","","2012-01-01","S27507","SITE9580"
"AA-AA-000-0000","Y","","2012-01-01","S17427","SITE4323"
"AA-AA-000-0000","Y","","2012-01-01","S81402","SITE8764"
"AA-AA-000-0000","Y","","2012-01-01","S33412","SITE6900"
"AA-AA-000-0000","Y","","2012-01-01","S96757","SITE101"
"AA-AA-000-0000","Y","","2012-01-01","S88436","SITE4323"
"AA-AA-000-0000","Y","","2012-01-01","S17064","SITE2532"
"AA-AA-000-0000","Y","","2012-01-01","S47175","SITE2532"
"AA-AA-000-0000","Y","","2012-01-01","S44160","SITE9142"
"AA-AA-000-0000","Y","","2012-01-01","S84022","SITE4485"
"AA-AA-000-0000","Y","","2012-01-01","S1663","SITE7809"
"AA-AA-000-0000","Y","","2012-01-01","S95593","SITE8517"
"AA-AA-000-0000","N","Lost to Follow-Up","2012-01-01","S2856","SITE5384"
"AA-AA-000-0000","N","Adverse Event","2012-01-01","S42441","SITE4590"
"AA-AA-000-0000","Y","","2012-01-01","S75468","SITE7983"
"AA-AA-000-0000","N","Withdrew Consent","2012-01-01","S32805","SITE7011"
"AA-AA-000-0000","Y","","2012-01-01","S83058","SITE8625"
"AA-AA-000-0000","Y","","2012-01-01","S80827","SITE4485"
"AA-AA-000-0000","Y","","2012-01-01","S6700","SITE9360"
"AA-AA-000-0000","Y","","2012-01-01","S79328","SITE8799"
"AA-AA-000-0000","Y","","2012-01-01","S42358","SITE3289"
"AA-AA-000-0000","Y","","2012-01-01","S60126","SITE1910"
"AA-AA-000-0000","N","Lost to Follow-Up","2012-01-01","S28631","SITE4264"
"AA-AA-000-0000","Y","","2012-01-01","S22366","SITE213"
"AA-AA-000-0000","N","Withdrew Consent","2012-01-01","S10169","SITE9346"
"AA-AA-000-0000","N","Adverse Event","2012-01-01","S59912","SITE8786"
"AA-AA-000-0000","Y","","2012-01-01","S90711","SITE7011"
"AA-AA-000-0000","N","Physician Decision","2012-01-01","S46390","SITE2323"
"AA-AA-000-0000","Y","","2012-01-01","S41703","SITE9346"
"AA-AA-000-0000","Y","","2012-01-01","S50779","SITE5895"
"AA-AA-000-0000","Y","","2012-01-01","S79778","SITE6405"
"AA-AA-000-0000","Y","","2012-01-01","S68947","SITE2192"
"AA-AA-000-0000","Y","","2012-01-01","S24661","SITE5895"
"AA-AA-000-0000","Y","","2012-01-01","S43474","SITE8625"
"AA-AA-000-0000","Y","","2012-01-01","S15521","SITE9737"
"AA-AA-000-0000","Y","","2012-01-01","S99475","SITE6603"
"AA-AA-000-0000","Y","","2012-01-01","S98371","SITE8633"
"AA-AA-000-0000","Y","","2012-01-01","S56618","SITE1982"
"AA-AA-000-0000","Y","","2012-01-01","S52428","SITE6405"
"AA-AA-000-0000","Y","","2012-01-01","S29898","SITE1750"
"AA-AA-000-0000","N","Adverse Event","2012-01-01","S95738","SITE2170"
"AA-AA-000-0000","Y","","2012-01-01","S5199","SITE1257"
"AA-AA-000-0000","Y","","2012-01-01","S80098","SITE213"
"AA-AA-000-0000","Y","","2012-01-01","S92817","SITE4323"
"AA-AA-000-0000","Y","","2012-01-01","S67498","SITE213"
"AA-AA-000-0000","N","Withdrew Consent","2012-01-01","S89142","SITE759"
"AA-AA-000-0000","N","Adverse Event","2012-01-01","S6557","SITE8633"
"AA-AA-000-0000","Y","","2012-01-01","S43843","SITE958"
"AA-AA-000-0000","Y","","2012-01-01","S7173","SITE2170"
"AA-AA-000-0000","Y","","2012-01-01","S61670","SITE9142"
"AA-AA-000-0000","Y","","2012-01-01","S83282","SITE213"
"AA-AA-000-0000","Y","","2012-01-01","S52552","SITE8351"
"AA-AA-000-0000","Y","","2012-01-01","S82502","SITE2192"
"AA-AA-000-0000","Y","","2012-01-01","S15030","SITE9346"
"AA-AA-000-0000","Y","","2012-01-01","S61099","SITE8091"
"AA-AA-000-0000","N","Adverse Event","2012-01-01","S42745","SITE5895"
"AA-AA-000-0000","Y","","2012-01-01","S21491","SITE3909"
"AA-AA-000-0000","Y","","2012-01-01","S69434","SITE8625"
"AA-AA-000-0000","Y","","2012-01-01","S76017","SITE4959"
"AA-AA-000-0000","N","Physician Decision","2012-01-01","S18875","SITE180"
"AA-AA-000-0000","Y","","2012-01-01","S3285","SITE9142"
"AA-AA-000-0000","Y","","2012-01-01","S35204","SITE3289"
"AA-AA-000-0000","N","Withdrew Consent","2012-01-01","S73715","SITE213"
"AA-AA-000-0000","Y","","2012-01-01","S66721","SITE8517"
"AA-AA-000-0000","Y","","2012-01-01","S61242","SITE5384"
"AA-AA-000-0000","Y","","2012-01-01","S20971","SITE9737"
"AA-AA-000-0000","Y","","2012-01-01","S91185","SITE6900"
"AA-AA-000-0000","Y","","2012-01-01","S98653","SITE2192"
"AA-AA-000-0000","Y","","2012-01-01","S47665","SITE4264"
"AA-AA-000-0000","Y","","2012-01-01","S34157","SITE2170"
"AA-AA-000-0000","Y","","2012-01-01","S85481","SITE8788"
"AA-AA-000-0000","Y","","2012-01-01","S76424","SITE759"
"AA-AA-000-0000","Y","","2012-01-01","S13289","SITE4590"
"AA-AA-000-0000","Y","","2012-01-01","S47153","SITE8799"
"AA-AA-000-0000","Y","","2012-01-01","S53524","SITE2192"
"AA-AA-000-0000","Y","","2012-01-01","S7193","SITE1910"
"AA-AA-000-0000","Y","","2012-01-01","S30541","SITE2192"
"AA-AA-000-0000","Y","","2012-01-01","S15734","SITE4323"
"AA-AA-000-0000","Y","","2012-01-01","S40868","SITE4485"
"AA-AA-000-0000","Y","","2012-01-01","S62190","SITE3909"
"AA-AA-000-0000","Y","","2012-01-01","S81289","SITE3989"
"AA-AA-000-0000","Y","","2012-01-01","S6022","SITE6405"
"AA-AA-000-0000","Y","","2012-01-01","S7395","SITE958"
"AA-AA-000-0000","N","Withdrew Consent","2012-01-01","S56847","SITE759"
"AA-AA-000-0000","Y","","2012-01-01","S10582","SITE2901"
"AA-AA-000-0000","Y","","2012-01-01","S69026","SITE8788"
"AA-AA-000-0000","Y","","2012-01-01","S19156","SITE9580"
"AA-AA-000-0000","Y","","2012-01-01","S18113","SITE1982"
"AA-AA-000-0000","N","Adverse Event","2012-01-01","S40145","SITE213"
"AA-AA-000-0000","N","Lost to Follow-Up","2012-01-01","S33697","SITE8786"
"AA-AA-000-0000","Y","","2012-01-01","S50664","SITE4629"
"AA-AA-000-0000","Y","","2012-01-01","S36177","SITE2192"
"AA-AA-000-0000","Y","","2012-01-01","S44278","SITE4323"
"AA-AA-000-0000","Y","","2012-01-01","S58315","SITE7011"
"AA-AA-000-0000","Y","","2012-01-01","S83309","SITE4629"
"AA-AA-000-0000","Y","","2012-01-01","S98820","SITE9142"
"AA-AA-000-0000","Y","","2012-01-01","S85279","SITE8799"
"AA-AA-000-0000","Y","","2012-01-01","S2143","SITE5895"
"AA-AA-000-0000","Y","","2012-01-01","S35306","SITE8633"
"AA-AA-000-0000","Y","","2012-01-01","S5140","SITE2323"
"AA-AA-000-0000","Y","","2012-01-01","S2969","SITE9142"
"AA-AA-000-0000","Y","","2012-01-01","S98650","SITE4959"
"AA-AA-000-0000","Y","","2012-01-01","S52444","SITE4485"
"AA-AA-000-0000","Y","","2012-01-01","S40424","SITE4959"
"AA-AA-000-0000","Y","","2012-01-01","S39259","SITE2901"
"AA-AA-000-0000","Y","","2012-01-01","S89271","SITE8091"
"AA-AA-000-0000","N","Withdrew Consent","2012-01-01","S61441","SITE9346"
"AA-AA-000-0000","Y","","2012-01-01","S90150","SITE7983"
"AA-AA-000-0000","Y","","2012-01-01","S47824","SITE4874"
"AA-AA-000-0000","Y","","2012-01-01","S59284","SITE3090"
"AA-AA-000-0000","Y","","2012-01-01","S74519","SITE8351"
"AA-AA-000-0000","Y","","2012-01-01","S35058","SITE4323"
"AA-AA-000-0000","Y","","2012-01-01","S28543","SITE9737"
"AA-AA-000-0000","N","Adverse Event","2012-01-01","S23519","SITE2323"
"AA-AA-000-0000","Y","","2012-01-01","S64117","SITE6405"
"AA-AA-000-0000","Y","","2012-01-01","S64268","SITE4590"
"AA-AA-000-0000","Y","","2012-01-01","S23661","SITE8625"
"AA-AA-000-0000","Y","","2012-02-01","S51782","SITE404"
"AA-AA-000-0000","Y","","2012-02-01","S59956","SITE7809"
"AA-AA-000-0000","Y","","2012-02-01","S89722","SITE7004"
"AA-AA-000-0000","N","Withdrew Consent","2012-02-01","S75016","SITE3319"
"AA-AA-000-0000","Y","","2012-02-01","S6032","SITE4485"
"AA-AA-000-0000","Y","","2012-02-01","S90815","SITE9346"
"AA-AA-000-0000","Y","","2012-02-01","S882","SITE8633"
"AA-AA-000-0000","Y","","2012-02-01","S98839","SITE958"
"AA-AA-000-0000","Y","","2012-02-01","S24389","SITE4874"
"AA-AA-000-0000","Y","","2012-02-01","S82706","SITE3989"
"AA-AA-000-0000","Y","","2012-02-01","S5524","SITE4590"
"AA-AA-000-0000","Y","","2012-02-01","S6528","SITE4485"
"AA-AA-000-0000","Y","","2012-02-01","S94643","SITE3909"
"AA-AA-000-0000","Y","","2012-02-01","S93299","SITE9346"
"AA-AA-000-0000","Y","","2012-02-01","S79388","SITE9414"
"AA-AA-000-0000","Y","","2012-02-01","S53855","SITE5289"
"AA-AA-000-0000","Y","","2012-02-01","S33779","SITE1257"
"AA-AA-000-0000","N","Death","2012-02-01","S34465","SITE4323"
"AA-AA-000-0000","Y","","2012-02-01","S60652","SITE9858"
"AA-AA-000-0000","Y","","2012-02-01","S28722","SITE3081"
"AA-AA-000-0000","N","Lost to Follow-Up","2012-02-01","S54677","SITE9360"
"AA-AA-000-0000","Y","","2012-02-01","S98343","SITE4260"
"AA-AA-000-0000","N","Lost to Follow-Up","2012-02-01","S53537","SITE4314"
"AA-AA-000-0000","Y","","2012-02-01","S75305","SITE6832"
"AA-AA-000-0000","Y","","2012-02-01","S37702","SITE9737"
"AA-AA-000-0000","Y","","2012-02-01","S92389","SITE6900"
"AA-AA-000-0000","Y","","2012-02-01","S14201","SITE8786"
"AA-AA-000-0000","Y","","2012-02-01","S33491","SITE3989"
"AA-AA-000-0000","N","Adverse Event","2012-02-01","S28476","SITE4590"
"AA-AA-000-0000","Y","","2012-02-01","S69684","SITE4323"
"AA-AA-000-0000","N","Lost to Follow-Up","2012-02-01","S48812","SITE9142"
"AA-AA-000-0000","Y","","2012-02-01","S93954","SITE6900"
"AA-AA-000-0000","Y","","2012-02-01","S88306","SITE6405"
"AA-AA-000-0000","N","Withdrew Consent","2012-02-01","S19484","SITE8799"
"AA-AA-000-0000","Y","","2012-02-01","S75527","SITE4485"
"AA-AA-000-0000","Y","","2012-02-01","S2994","SITE8786"
"AA-AA-000-0000","Y","","2012-02-01","S39191","SITE4959"
"AA-AA-000-0000","Y","","2012-02-01","S3548","SITE7184"
"AA-AA-000-0000","Y","","2012-02-01","S82266","SITE2883"
"AA-AA-000-0000","N","Physician Decision","2012-02-01","S41608","SITE9346"
"AA-AA-000-0000","N","Adverse Event","2012-02-01","S78130","SITE4264"
"AA-AA-000-0000","N","Adverse Event","2012-02-01","S93551","SITE6603"
"AA-AA-000-0000","Y","","2012-02-01","S88083","SITE9737"
"AA-AA-000-0000","Y","","2012-02-01","S31403","SITE2980"
"AA-AA-000-0000","Y","","2012-02-01","S91025","SITE3938"
"AA-AA-000-0000","Y","","2012-02-01","S83589","SITE8517"
"AA-AA-000-0000","Y","","2012-02-01","S92424","SITE2986"
"AA-AA-000-0000","Y","","2012-02-01","S52631","SITE7809"
"AA-AA-000-0000","N","Lost to Follow-Up","2012-02-01","S28760","SITE4260"
"AA-AA-000-0000","N","Physician Decision","2012-02-01","S12584","SITE1982"
"AA-AA-000-0000","Y","","2012-02-01","S90455","SITE3289"
"AA-AA-000-0000","Y","","2012-02-01","S55104","SITE7983"
"AA-AA-000-0000","Y","","2012-02-01","S80969","SITE3319"
"AA-AA-000-0000","Y","","2012-02-01","S38681","SITE958"
"AA-AA-000-0000","Y","","2012-02-01","S63176","SITE8625"
"AA-AA-000-0000","Y","","2012-02-01","S81541","SITE9661"
"AA-AA-000-0000","Y","","2012-02-01","S50953","SITE8835"
"AA-AA-000-0000","Y","","2012-02-01","S42753","SITE1786"
"AA-AA-000-0000","Y","","2012-02-01","S45190","SITE8788"
"AA-AA-000-0000","Y","","2012-02-01","S70885","SITE4485"
"AA-AA-000-0000","N","Withdrew Consent","2012-02-01","S33371","SITE1102"
"AA-AA-000-0000","Y","","2012-02-01","S73518","SITE4959"
"AA-AA-000-0000","Y","","2012-02-01","S80160","SITE4959"
"AA-AA-000-0000","Y","","2012-02-01","S61292","SITE7004"
"AA-AA-000-0000","Y","","2012-02-01","S79443","SITE4260"
"AA-AA-000-0000","Y","","2012-02-01","S25706","SITE8835"
"AA-AA-000-0000","Y","","2012-02-01","S71929","SITE3754"
"AA-AA-000-0000","Y","","2012-02-01","S78168","SITE8354"
"AA-AA-000-0000","Y","","2012-02-01","S14046","SITE7983"
"AA-AA-000-0000","Y","","2012-02-01","S63470","SITE4959"
"AA-AA-000-0000","N","Withdrew Consent","2012-02-01","S12454","SITE3081"
"AA-AA-000-0000","Y","","2012-02-01","S21446","SITE180"
"AA-AA-000-0000","N","Lost to Follow-Up","2012-02-01","S43487","SITE5033"
"AA-AA-000-0000","Y","","2012-02-01","S9663","SITE7983"
"AA-AA-000-0000","Y","","2012-02-01","S73213","SITE6410"
"AA-AA-000-0000","Y","","2012-02-01","S64254","SITE4629"
"AA-AA-000-0000","Y","","2012-02-01","S40230","SITE5062"
"AA-AA-000-0000","Y","","2012-02-01","S69582","SITE6603"
"AA-AA-000-0000","Y","","2012-02-01","S84892","SITE8354"
"AA-AA-000-0000","N","Adverse Event","2012-02-01","S33604","SITE3081"
"AA-AA-000-0000","Y","","2012-02-01","S66882","SITE9888"
"AA-AA-000-0000","Y","","2012-02-01","S50153","SITE1257"
"AA-AA-000-0000","Y","","2012-02-01","S85111","SITE9661"
"AA-AA-000-0000","Y","","2012-02-01","S63928","SITE7983"
"AA-AA-000-0000","N","Withdrew Consent","2012-02-01","S32148","SITE7184"
"AA-AA-000-0000","Y","","2012-02-01","S58347","SITE7208"
"AA-AA-000-0000","Y","","2012-02-01","S78571","SITE8210"
"AA-AA-000-0000","N","Lost to Follow-Up","2012-02-01","S33945","SITE1544"
"AA-AA-000-0000","Y","","2012-02-01","S51371","SITE7096"
"AA-AA-000-0000","Y","","2012-02-01","S90436","SITE3938"
"AA-AA-000-0000","N","Withdrew Consent","2012-02-01","S13582","SITE8857"
"AA-AA-000-0000","N","Lost to Follow-Up","2012-02-01","S6762","SITE1750"
"AA-AA-000-0000","Y","","2012-02-01","S66042","SITE2323"
"AA-AA-000-0000","N","Lost to Follow-Up","2012-02-01","S4781","SITE1748"
"AA-AA-000-0000","Y","","2012-02-01","S43620","SITE5384"
"AA-AA-000-0000","Y","","2012-02-01","S53614","SITE3081"
"AA-AA-000-0000","N","Death","2012-02-01","S62903","SITE8764"
"AA-AA-000-0000","Y","","2012-02-01","S8126","SITE5425"
"AA-AA-000-0000","N","Protocol Deviation","2012-02-01","S24790","SITE9414"
"AA-AA-000-0000","Y","","2012-02-01","S80235","SITE5895"
"AA-AA-000-0000","Y","","2012-02-01","S48813","SITE958"
"AA-AA-000-0000","Y","","2012-02-01","S93256","SITE6900"
"AA-AA-000-0000","N","Adverse Event","2012-02-01","S25117","SITE2192"
"AA-AA-000-0000","Y","","2012-02-01","S43465","SITE4323"
"AA-AA-000-0000","Y","","2012-02-01","S44543","SITE8420"
"AA-AA-000-0000","Y","","2012-02-01","S90674","SITE4314"
"AA-AA-000-0000","N","Adverse Event","2012-02-01","S79162","SITE5033"
"AA-AA-000-0000","Y","","2012-02-01","S7284","SITE4874"
"AA-AA-000-0000","Y","","2012-02-01","S25158","SITE7004"
"AA-AA-000-0000","Y","","2012-02-01","S82408","SITE5033"
"AA-AA-000-0000","Y","","2012-02-01","S41767","SITE9142"
"AA-AA-000-0000","Y","","2012-02-01","S11585","SITE1727"
"AA-AA-000-0000","N","Physician Decision","2012-02-01","S56570","SITE4629"
"AA-AA-000-0000","Y","","2012-02-01","S32856","SITE2986"
"AA-AA-000-0000","Y","","2012-02-01","S9192","SITE2532"
"AA-AA-000-0000","Y","","2012-02-01","S85178","SITE6572"
"AA-AA-000-0000","Y","","2012-02-01","S5918","SITE1727"
"AA-AA-000-0000","Y","","2012-02-01","S27013","SITE3068"
"AA-AA-000-0000","Y","","2012-02-01","S48411","SITE3081"
"AA-AA-000-0000","Y","","2012-02-01","S96714","SITE9661"
"AA-AA-000-0000","N","Lost to Follow-Up","2012-02-01","S39000","SITE2532"
"AA-AA-000-0000","Y","","2012-02-01","S349","SITE3938"
"AA-AA-000-0000","Y","","2012-02-01","S10821","SITE4264"
"AA-AA-000-0000","Y","","2012-02-01","S78836","SITE8799"
"AA-AA-000-0000","Y","","2012-02-01","S37821","SITE4485"
"AA-AA-000-0000","Y","","2012-02-01","S78717","SITE213"
"AA-AA-000-0000","Y","","2012-02-01","S47700","SITE4323"
"AA-AA-000-0000","Y","","2012-02-01","S3179","SITE7096"
"AA-AA-000-0000","Y","","2012-02-01","S41688","SITE3081"
"AA-AA-000-0000","Y","","2012-02-01","S19678","SITE3909"
"AA-AA-000-0000","N","Lost to Follow-Up","2012-02-01","S25190","SITE5033"
"AA-AA-000-0000","N","Adverse Event","2012-02-01","S57691","SITE3415"
"AA-AA-000-0000","N","Death","2012-02-01","S3546","SITE9604"
"AA-AA-000-0000","Y","","2012-02-01","S62883","SITE2170"
"AA-AA-000-0000","Y","","2012-02-01","S35500","SITE4485"
"AA-AA-000-0000","Y","","2012-02-01","S7775","SITE3081"
"AA-AA-000-0000","N","Physician Decision","2012-02-01","S41890","SITE8354"
"AA-AA-000-0000","Y","","2012-02-01","S38745","SITE6384"
"AA-AA-000-0000","Y","","2012-02-01","S54447","SITE3719"
"AA-AA-000-0000","Y","","2012-02-01","S78552","SITE404"
"AA-AA-000-0000","N","Lost to Follow-Up","2012-02-01","S88566","SITE4260"
"AA-AA-000-0000","Y","","2012-02-01","S62825","SITE5384"
"AA-AA-000-0000","N","Withdrew Consent","2012-02-01","S45628","SITE8799"
"AA-AA-000-0000","Y","","2012-02-01","S75437","SITE9142"
"AA-AA-000-0000","Y","","2012-02-01","S67390","SITE2986"
"AA-AA-000-0000","Y","","2012-02-01","S38694","SITE3289"
"AA-AA-000-0000","Y","","2012-02-01","S4725","SITE3415"
"AA-AA-000-0000","Y","","2012-02-01","S66158","SITE958"
"AA-AA-000-0000","N","Lost to Follow-Up","2012-02-01","S21191","SITE216"
"AA-AA-000-0000","Y","","2012-02-01","S29917","SITE7004"
"AA-AA-000-0000","Y","","2012-02-01","S42591","SITE1727"
"AA-AA-000-0000","Y","","2012-02-01","S36810","SITE6832"
"AA-AA-000-0000","Y","","2012-02-01","S57211","SITE2373"
"AA-AA-000-0000","Y","","2012-02-01","S19380","SITE6384"
"AA-AA-000-0000","Y","","2012-02-01","S22140","SITE8857"
"AA-AA-000-0000","Y","","2012-02-01","S56444","SITE1102"
"AA-AA-000-0000","N","Lost to Follow-Up","2012-02-01","S61439","SITE2192"
"AA-AA-000-0000","Y","","2012-02-01","S82095","SITE2986"
"AA-AA-000-0000","N","Physician Decision","2012-02-01","S34410","SITE216"
"AA-AA-000-0000","Y","","2012-02-01","S42353","SITE3989"
"AA-AA-000-0000","Y","","2012-02-01","S44700","SITE1727"
"AA-AA-000-0000","N","Protocol Deviation","2012-02-01","S73552","SITE7011"
"AA-AA-000-0000","Y","","2012-02-01","S66100","SITE6832"
"AA-AA-000-0000","N","Physician Decision","2012-02-01","S22379","SITE213"
"AA-AA-000-0000","Y","","2012-02-01","S34830","SITE1750"
"AA-AA-000-0000","Y","","2012-02-01","S38814","SITE6603"
"AA-AA-000-0000","N","Withdrew Consent","2012-02-01","S16216","SITE9360"
"AA-AA-000-0000","Y","","2012-02-01","S26422","SITE7004"
"AA-AA-000-0000","N","Adverse Event","2012-02-01","S38409","SITE8799"
"AA-AA-000-0000","N","Adverse Event","2012-02-01","S49125","SITE8799"
"AA-AA-000-0000","N","Adverse Event","2012-02-01","S69474","SITE1786"
"AA-AA-000-0000","N","Protocol Deviation","2012-02-01","S17499","SITE4072"
"AA-AA-000-0000","Y","","2012-02-01","S80107","SITE6410"
"AA-AA-000-0000","Y","","2012-02-01","S50531","SITE1748"
"AA-AA-000-0000","Y","","2012-02-01","S71658","SITE1786"
"AA-AA-000-0000","N","Adverse Event","2012-02-01","S86198","SITE8351"
"AA-AA-000-0000","Y","","2012-02-01","S49115","SITE7096"
"AA-AA-000-0000","Y","","2012-02-01","S18924","SITE8786"
"AA-AA-000-0000","Y","","2012-02-01","S68284","SITE3909"
"AA-AA-000-0000","Y","","2012-02-01","S38785","SITE2373"
"AA-AA-000-0000","Y","","2012-02-01","S27345","SITE6900"
"AA-AA-000-0000","Y","","2012-02-01","S91008","SITE8091"
"AA-AA-000-0000","Y","","2012-02-01","S95683","SITE9346"
"AA-AA-000-0000","Y","","2012-02-01","S96574","SITE1102"
"AA-AA-000-0000","N","Physician Decision","2012-02-01","S88218","SITE7604"
"AA-AA-000-0000","Y","","2012-02-01","S45386","SITE2170"
"AA-AA-000-0000","Y","","2012-02-01","S51380","SITE7011"
"AA-AA-000-0000","Y","","2012-02-01","S44055","SITE4314"
"AA-AA-000-0000","Y","","2012-02-01","S78803","SITE180"
"AA-AA-000-0000","Y","","2012-02-01","S92789","SITE3068"
"AA-AA-000-0000","Y","","2012-02-01","S51092","SITE1257"
"AA-AA-000-0000","N","Adverse Event","2012-02-01","S62533","SITE3081"
"AA-AA-000-0000","Y","","2012-02-01","S15727","SITE6603"
"AA-AA-000-0000","Y","","2012-02-01","S6947","SITE6572"
"AA-AA-000-0000","Y","","2012-02-01","S72515","SITE8625"
"AA-AA-000-0000","N","Adverse Event","2012-02-01","S65424","SITE9142"
"AA-AA-000-0000","Y","","2012-02-01","S42798","SITE3081"
"AA-AA-000-0000","N","Adverse Event","2012-02-01","S69605","SITE9346"
"AA-AA-000-0000","Y","","2012-02-01","S59642","SITE9414"
"AA-AA-000-0000","Y","","2012-02-01","S78935","SITE8786"
"AA-AA-000-0000","Y","","2012-02-01","S26836","SITE8420"
"AA-AA-000-0000","N","Adverse Event","2012-02-01","S54437","SITE9147"
"AA-AA-000-0000","Y","","2012-02-01","S41298","SITE9888"
"AA-AA-000-0000","Y","","2012-02-01","S59806","SITE8210"
"AA-AA-000-0000","Y","","2012-02-01","S41123","SITE3989"
"AA-AA-000-0000","Y","","2012-02-01","S66672","SITE3289"
"AA-AA-000-0000","Y","","2012-02-01","S56853","SITE8210"
"AA-AA-000-0000","Y","","2012-02-01","S24778","SITE9414"
"AA-AA-000-0000","Y","","2012-02-01","S8459","SITE4314"
"AA-AA-000-0000","N","Adverse Event","2012-02-01","S78913","SITE3090"
"AA-AA-000-0000","Y","","2012-02-01","S32331","SITE4590"
"AA-AA-000-0000","N","Physician Decision","2012-02-01","S13810","SITE7184"
"AA-AA-000-0000","Y","","2012-02-01","S7559","SITE8420"
"AA-AA-000-0000","Y","","2012-02-01","S34463","SITE7983"
"AA-AA-000-0000","Y","","2012-02-01","S46204","SITE1748"
"AA-AA-000-0000","Y","","2012-02-01","S22961","SITE6410"
"AA-AA-000-0000","Y","","2012-02-01","S75690","SITE9346"
"AA-AA-000-0000","Y","","2012-02-01","S71809","SITE4314"
"AA-AA-000-0000","Y","","2012-02-01","S57281","SITE216"
"AA-AA-000-0000","Y","","2012-02-01","S12402","SITE3719"
"AA-AA-000-0000","Y","","2012-02-01","S62097","SITE180"
"AA-AA-000-0000","Y","","2012-02-01","S63767","SITE9604"
"AA-AA-000-0000","N","Withdrew Consent","2012-02-01","S77607","SITE9661"
"AA-AA-000-0000","Y","","2012-02-01","S90076","SITE3909"
"AA-AA-000-0000","Y","","2012-02-01","S37223","SITE9360"
"AA-AA-000-0000","N","Withdrew Consent","2012-02-01","S31222","SITE7604"
"AA-AA-000-0000","Y","","2012-02-01","S16470","SITE8625"
"AA-AA-000-0000","N","Protocol Deviation","2012-02-01","S67292","SITE3754"
"AA-AA-000-0000","Y","","2012-02-01","S61154","SITE2532"
"AA-AA-000-0000","Y","","2012-02-01","S24457","SITE9604"
"AA-AA-000-0000","Y","","2012-02-01","S96749","SITE8788"
"AA-AA-000-0000","N","Withdrew Consent","2012-02-01","S55728","SITE7004"
"AA-AA-000-0000","Y","","2012-02-01","S36886","SITE8764"
"AA-AA-000-0000","Y","","2012-02-01","S6096","SITE8625"
"AA-AA-000-0000","N","Withdrew Consent","2012-02-01","S25810","SITE8799"
"AA-AA-000-0000","N","Physician Decision","2012-02-01","S19752","SITE2901"
"AA-AA-000-0000","Y","","2012-02-01","S23112","SITE2980"
"AA-AA-000-0000","Y","","2012-02-01","S74797","SITE2883"
"AA-AA-000-0000","Y","","2012-02-01","S75551","SITE4754"
"AA-AA-000-0000","Y","","2012-02-01","S33152","SITE6405"
"AA-AA-000-0000","Y","","2012-02-01","S92342","SITE7809"
"AA-AA-000-0000","Y","","2012-02-01","S5702","SITE2192"
"AA-AA-000-0000","N","Adverse Event","2012-02-01","S19776","SITE3319"
"AA-AA-000-0000","Y","","2012-03-01","S57720","SITE8354"
"AA-AA-000-0000","Y","","2012-03-01","S28082","SITE3077"
"AA-AA-000-0000","Y","","2012-03-01","S3221","SITE8799"
"AA-AA-000-0000","Y","","2012-03-01","S58480","SITE9516"
"AA-AA-000-0000","Y","","2012-03-01","S69884","SITE9516"
"AA-AA-000-0000","Y","","2012-03-01","S29977","SITE2980"
"AA-AA-000-0000","Y","","2012-03-01","S55694","SITE5033"
"AA-AA-000-0000","Y","","2012-03-01","S10555","SITE9142"
"AA-AA-000-0000","N","Withdrew Consent","2012-03-01","S15985","SITE022"
"AA-AA-000-0000","N","Physician Decision","2012-03-01","S66365","SITE9142"
"AA-AA-000-0000","Y","","2012-03-01","S33100","SITE6603"
"AA-AA-000-0000","Y","","2012-03-01","S45162","SITE4072"
"AA-AA-000-0000","Y","","2012-03-01","S7616","SITE2986"
"AA-AA-000-0000","Y","","2012-03-01","S55631","SITE759"
"AA-AA-000-0000","Y","","2012-03-01","S66858","SITE6603"
"AA-AA-000-0000","Y","","2012-03-01","S97280","SITE022"
"AA-AA-000-0000","Y","","2012-03-01","S31078","SITE4072"
"AA-AA-000-0000","Y","","2012-03-01","S90473","SITE9142"
"AA-AA-000-0000","Y","","2012-03-01","S83378","SITE4072"
"AA-AA-000-0000","Y","","2012-03-01","S18588","SITE2986"
"AA-AA-000-0000","Y","","2012-03-01","S35234","SITE9360"
"AA-AA-000-0000","Y","","2012-03-01","S54258","SITE4612"
"AA-AA-000-0000","N","Lost to Follow-Up","2012-03-01","S83032","SITE2901"
"AA-AA-000-0000","Y","","2012-03-01","S3138","SITE5611"
"AA-AA-000-0000","Y","","2012-03-01","S73691","SITE6184"
"AA-AA-000-0000","Y","","2012-03-01","S26565","SITE8354"
"AA-AA-000-0000","Y","","2012-03-01","S23281","SITE180"
"AA-AA-000-0000","Y","","2012-03-01","S72956","SITE2192"
"AA-AA-000-0000","Y","","2012-03-01","S37258","SITE3068"
"AA-AA-000-0000","Y","","2012-03-01","S88686","SITE4744"
"AA-AA-000-0000","N","Lost to Follow-Up","2012-03-01","S11732","SITE9604"
"AA-AA-000-0000","Y","","2012-03-01","S11205","SITE2373"
"AA-AA-000-0000","Y","","2012-03-01","S94354","SITE1841"
"AA-AA-000-0000","Y","","2012-03-01","S32051","SITE4543"
"AA-AA-000-0000","N","Adverse Event","2012-03-01","S92734","SITE1748"
"AA-AA-000-0000","Y","","2012-03-01","S69130","SITE5033"
"AA-AA-000-0000","Y","","2012-03-01","S6168","SITE2323"
"AA-AA-000-0000","Y","","2012-03-01","S98076","SITE6384"
"AA-AA-000-0000","Y","","2012-03-01","S41047","SITE8361"
"AA-AA-000-0000","Y","","2012-03-01","S30329","SITE7208"
"AA-AA-000-0000","N","Lost to Follow-Up","2012-03-01","S29729","SITE2354"
"AA-AA-000-0000","Y","","2012-03-01","S72530","SITE1982"
"AA-AA-000-0000","Y","","2012-03-01","S30183","SITE6123"
"AA-AA-000-0000","N","Withdrew Consent","2012-03-01","S55895","SITE6991"
"AA-AA-000-0000","Y","","2012-03-01","S46920","SITE9661"
"AA-AA-000-0000","Y","","2012-03-01","S79588","SITE4323"
"AA-AA-000-0000","Y","","2012-03-01","S45479","SITE3289"
"AA-AA-000-0000","N","Physician Decision","2012-03-01","S85597","SITE1748"
"AA-AA-000-0000","N","Death","2012-03-01","S71065","SITE2323"
"AA-AA-000-0000","Y","","2012-03-01","S23553","SITE7011"
"AA-AA-000-0000","Y","","2012-03-01","S69635","SITE4424"
"AA-AA-000-0000","Y","","2012-03-01","S28579","SITE8210"
"AA-AA-000-0000","Y","","2012-03-01","S19812","SITE6184"
"AA-AA-000-0000","Y","","2012-03-01","S33130","SITE8091"
"AA-AA-000-0000","N","Withdrew Consent","2012-03-01","S66280","SITE5062"
"AA-AA-000-0000","Y","","2012-03-01","S91426","SITE7004"
"AA-AA-000-0000","Y","","2012-03-01","S37024","SITE7913"
"AA-AA-000-0000","Y","","2012-03-01","S46895","SITE6440"
"AA-AA-000-0000","N","Adverse Event","2012-03-01","S2826","SITE8084"
"AA-AA-000-0000","Y","","2012-03-01","S38984","SITE8625"
"AA-AA-000-0000","Y","","2012-03-01","S69543","SITE8799"
"AA-AA-000-0000","N","Lost to Follow-Up","2012-03-01","S46151","SITE5185"
"AA-AA-000-0000","N","Protocol Deviation","2012-03-01","S46545","SITE4597"
"AA-AA-000-0000","Y","","2012-03-01","S68220","SITE3353"
"AA-AA-000-0000","Y","","2012-03-01","S98168","SITE8835"
"AA-AA-000-0000","Y","","2012-03-01","S89510","SITE7983"
"AA-AA-000-0000","Y","","2012-03-01","S8342","SITE180"
"AA-AA-000-0000","Y","","2012-03-01","S72065","SITE8768"
"AA-AA-000-0000","N","Withdrew Consent","2012-03-01","S58285","SITE8210"
"AA-AA-000-0000","Y","","2012-03-01","S60833","SITE4590"
"AA-AA-000-0000","N","Withdrew Consent","2012-03-01","S50044","SITE4072"
"AA-AA-000-0000","Y","","2012-03-01","S80880","SITE4959"
"AA-AA-000-0000","Y","","2012-03-01","S87145","SITE8625"
"AA-AA-000-0000","Y","","2012-03-01","S62014","SITE2923"
"AA-AA-000-0000","Y","","2012-03-01","S51248","SITE4671"
"AA-AA-000-0000","Y","","2012-03-01","S29136","SITE4323"
"AA-AA-000-0000","N","Lost to Follow-Up","2012-03-01","S48158","SITE9766"
"AA-AA-000-0000","Y","","2012-03-01","S20468","SITE4155"
"AA-AA-000-0000","N","Adverse Event","2012-03-01","S57469","SITE8420"
"AA-AA-000-0000","Y","","2012-03-01","S15848","SITE7096"
"AA-AA-000-0000","Y","","2012-03-01","S5401","SITE1750"
"AA-AA-000-0000","Y","","2012-03-01","S7081","SITE8768"
"AA-AA-000-0000","N","Withdrew Consent","2012-03-01","S52700","SITE6184"
"AA-AA-000-0000","Y","","2012-03-01","S39348","SITE9884"
"AA-AA-000-0000","Y","","2012-03-01","S56513","SITE8786"
"AA-AA-000-0000","Y","","2012-03-01","S13775","SITE8768"
"AA-AA-000-0000","Y","","2012-03-01","S49686","SITE8997"
"AA-AA-000-0000","N","Withdrew Consent","2012-03-01","S82487","SITE2170"
"AA-AA-000-0000","Y","","2012-03-01","S78863","SITE404"
"AA-AA-000-0000","Y","","2012-03-01","S18151","SITE3989"
"AA-AA-000-0000","Y","","2012-03-01","S91652","SITE5062"
"AA-AA-000-0000","Y","","2012-03-01","S84029","SITE4612"
"AA-AA-000-0000","Y","","2012-03-01","S13636","SITE9082"
"AA-AA-000-0000","N","Lost to Follow-Up","2012-03-01","S13011","SITE9414"
"AA-AA-000-0000","Y","","2012-03-01","S21703","SITE2030"
"AA-AA-000-0000","Y","","2012-03-01","S9283","SITE6068"
"AA-AA-000-0000","Y","","2012-03-01","S91542","SITE8633"
"AA-AA-000-0000","Y","","2012-03-01","S81938","SITE7604"
"AA-AA-000-0000","Y","","2012-03-01","S34163","SITE9395"
"AA-AA-000-0000","Y","","2012-03-01","S33090","SITE4959"
"AA-AA-000-0000","Y","","2012-03-01","S5553","SITE1841"
"AA-AA-000-0000","N","Withdrew Consent","2012-03-01","S51408","SITE216"
"AA-AA-000-0000","Y","","2012-03-01","S27538","SITE5611"
"AA-AA-000-0000","Y","","2012-03-01","S25947","SITE2923"
"AA-AA-000-0000","Y","","2012-03-01","S49279","SITE9858"
"AA-AA-000-0000","Y","","2012-03-01","S96707","SITE9604"
"AA-AA-000-0000","Y","","2012-03-01","S38419","SITE8420"
"AA-AA-000-0000","Y","","2012-03-01","S36728","SITE2532"
"AA-AA-000-0000","Y","","2012-03-01","S52377","SITE3353"
"AA-AA-000-0000","Y","","2012-03-01","S95764","SITE3415"
"AA-AA-000-0000","Y","","2012-03-01","S96278","SITE2354"
"AA-AA-000-0000","Y","","2012-03-01","S9545","SITE7860"
"AA-AA-000-0000","Y","","2012-03-01","S84283","SITE4485"
"AA-AA-000-0000","Y","","2012-03-01","S50507","SITE9147"
"AA-AA-000-0000","Y","","2012-03-01","S6562","SITE6900"
"AA-AA-000-0000","Y","","2012-03-01","S13860","SITE2532"
"AA-AA-000-0000","N","Withdrew Consent","2012-03-01","S83600","SITE6991"
"AA-AA-000-0000","Y","","2012-03-01","S63755","SITE1935"
"AA-AA-000-0000","Y","","2012-03-01","S60942","SITE9418"
"AA-AA-000-0000","N","Physician Decision","2012-03-01","S19838","SITE9516"
"AA-AA-000-0000","Y","","2012-03-01","S82738","SITE9395"
"AA-AA-000-0000","Y","","2012-03-01","S5386","SITE8091"
"AA-AA-000-0000","Y","","2012-03-01","S9736","SITE9884"
"AA-AA-000-0000","N","Withdrew Consent","2012-03-01","S10678","SITE4543"
"AA-AA-000-0000","Y","","2012-03-01","S85267","SITE7543"
"AA-AA-000-0000","N","Lost to Follow-Up","2012-03-01","S31674","SITE4874"
"AA-AA-000-0000","Y","","2012-03-01","S28129","SITE1934"
"AA-AA-000-0000","Y","","2012-03-01","S93758","SITE3839"
"AA-AA-000-0000","Y","","2012-03-01","S75583","SITE4155"
"AA-AA-000-0000","Y","","2012-03-01","S4606","SITE958"
"AA-AA-000-0000","Y","","2012-03-01","S27284","SITE6410"
"AA-AA-000-0000","Y","","2012-03-01","S96835","SITE5062"
"AA-AA-000-0000","Y","","2012-03-01","S65083","SITE4629"
"AA-AA-000-0000","Y","","2012-03-01","S98201","SITE4264"
"AA-AA-000-0000","Y","","2012-03-01","S57670","SITE4959"
"AA-AA-000-0000","N","Lost to Follow-Up","2012-03-01","S52968","SITE1750"
"AA-AA-000-0000","Y","","2012-03-01","S22743","SITE1910"
"AA-AA-000-0000","Y","","2012-03-01","S90769","SITE1748"
"AA-AA-000-0000","Y","","2012-03-01","S89464","SITE8997"
"AA-AA-000-0000","Y","","2012-03-01","S88758","SITE5217"
"AA-AA-000-0000","N","Withdrew Consent","2012-03-01","S902","SITE8997"
"AA-AA-000-0000","Y","","2012-03-01","S7201","SITE2986"
"AA-AA-000-0000","Y","","2012-03-01","S72738","SITE4959"
"AA-AA-000-0000","Y","","2012-03-01","S43308","SITE6155"
"AA-AA-000-0000","Y","","2012-03-01","S5685","SITE7604"
"AA-AA-000-0000","Y","","2012-03-01","S53623","SITE4703"
"AA-AA-000-0000","N","Lost to Follow-Up","2012-03-01","S59666","SITE6832"
"AA-AA-000-0000","Y","","2012-03-01","S42240","SITE9737"
"AA-AA-000-0000","Y","","2012-03-01","S16271","SITE2170"
"AA-AA-000-0000","Y","","2012-03-01","S79126","SITE7208"
"AA-AA-000-0000","Y","","2012-03-01","S83923","SITE6155"
"AA-AA-000-0000","Y","","2012-03-01","S37347","SITE9661"
"AA-AA-000-0000","Y","","2012-03-01","S16215","SITE7246"
"AA-AA-000-0000","N","Adverse Event","2012-03-01","S98330","SITE4028"
"AA-AA-000-0000","Y","","2012-03-01","S99905","SITE1934"
"AA-AA-000-0000","Y","","2012-03-01","S41976","SITE6832"
"AA-AA-000-0000","Y","","2012-03-01","S61847","SITE4590"
"AA-AA-000-0000","N","Adverse Event","2012-03-01","S4064","SITE4314"
"AA-AA-000-0000","N","Lost to Follow-Up","2012-03-01","S88386","SITE5895"
"AA-AA-000-0000","Y","","2012-03-01","S76127","SITE4590"
"AA-AA-000-0000","Y","","2012-03-01","S52102","SITE2883"
"AA-AA-000-0000","Y","","2012-03-01","S72124","SITE5033"
"AA-AA-000-0000","Y","","2012-03-01","S52438","SITE958"
"AA-AA-000-0000","Y","","2012-03-01","S33531","SITE216"
"AA-AA-000-0000","Y","","2012-03-01","S50135","SITE5895"
"AA-AA-000-0000","N","Protocol Deviation","2012-03-01","S26943","SITE4260"
"AA-AA-000-0000","Y","","2012-03-01","S34202","SITE3068"
"AA-AA-000-0000","Y","","2012-03-01","S10245","SITE7543"
"AA-AA-000-0000","Y","","2012-03-01","S11526","SITE2894"
"AA-AA-000-0000","Y","","2012-03-01","S87971","SITE3989"
"AA-AA-000-0000","N","Withdrew Consent","2012-03-01","S94084","SITE8835"
"AA-AA-000-0000","Y","","2012-03-01","S96107","SITE9516"
"AA-AA-000-0000","N","Physician Decision","2012-03-01","S60089","SITE4314"
"AA-AA-000-0000","N","Adverse Event","2012-03-01","S57500","SITE3081"
"AA-AA-000-0000","Y","","2012-03-01","S25289","SITE3090"
"AA-AA-000-0000","Y","","2012-03-01","S58341","SITE1750"
"AA-AA-000-0000","N","Lost to Follow-Up","2012-03-01","S74623","SITE9418"
"AA-AA-000-0000","Y","","2012-03-01","S64520","SITE101"
"AA-AA-000-0000","Y","","2012-03-01","S47431","SITE2170"
"AA-AA-000-0000","Y","","2012-03-01","S70927","SITE7246"
"AA-AA-000-0000","N","Lost to Follow-Up","2012-03-01","S31060","SITE8210"
"AA-AA-000-0000","Y","","2012-03-01","S22616","SITE7004"
"AA-AA-000-0000","N","Lost to Follow-Up","2012-03-01","S96070","SITE2980"
"AA-AA-000-0000","Y","","2012-03-01","S38737","SITE2532"
"AA-AA-000-0000","Y","","2012-03-01","S6419","SITE4875"
"AA-AA-000-0000","Y","","2012-03-01","S74305","SITE2894"
"AA-AA-000-0000","Y","","2012-03-01","S25649","SITE3719"
"AA-AA-000-0000","Y","","2012-03-01","S52047","SITE7838"
"AA-AA-000-0000","N","Physician Decision","2012-03-01","S11867","SITE8768"
"AA-AA-000-0000","Y","","2012-03-01","S15079","SITE6384"
"AA-AA-000-0000","Y","","2012-03-01","S85405","SITE022"
"AA-AA-000-0000","N","Physician Decision","2012-03-01","S13749","SITE5611"
"AA-AA-000-0000","Y","","2012-03-01","S32542","SITE6155"
"AA-AA-000-0000","Y","","2012-03-01","S86409","SITE216"
"AA-AA-000-0000","Y","","2012-03-01","S43690","SITE759"
"AA-AA-000-0000","Y","","2012-03-01","S65919","SITE3754"
"AA-AA-000-0000","Y","","2012-03-01","S36814","SITE1233"
"AA-AA-000-0000","Y","","2012-03-01","S23054","SITE8616"
"AA-AA-000-0000","Y","","2012-03-01","S7484","SITE2192"
"AA-AA-000-0000","Y","","2012-03-01","S97135","SITE3839"
"AA-AA-000-0000","Y","","2012-03-01","S75534","SITE9360"
"AA-AA-000-0000","Y","","2012-03-01","S33394","SITE1935"
"AA-AA-000-0000","Y","","2012-03-01","S19368","SITE9418"
"AA-AA-000-0000","Y","","2012-03-01","S89144","SITE7860"
"AA-AA-000-0000","Y","","2012-03-01","S20392","SITE3077"
"AA-AA-000-0000","Y","","2012-03-01","S88305","SITE3839"
"AA-AA-000-0000","Y","","2012-03-01","S13662","SITE4323"
"AA-AA-000-0000","N","Lost to Follow-Up","2012-03-01","S72238","SITE8997"
"AA-AA-000-0000","N","Lost to Follow-Up","2012-03-01","S35050","SITE1233"
"AA-AA-000-0000","N","Lost to Follow-Up","2012-03-01","S16950","SITE3077"
"AA-AA-000-0000","Y","","2012-03-01","S18183","SITE7913"
"AA-AA-000-0000","Y","","2012-03-01","S65486","SITE2192"
"AA-AA-000-0000","Y","","2012-03-01","S41126","SITE5895"
"AA-AA-000-0000","Y","","2012-03-01","S98111","SITE8768"
"AA-AA-000-0000","Y","","2012-03-01","S73010","SITE7809"
"AA-AA-000-0000","Y","","2012-03-01","S78806","SITE1727"
"AA-AA-000-0000","Y","","2012-03-01","S66483","SITE6384"
"AA-AA-000-0000","Y","","2012-03-01","S74901","SITE1982"
"AA-AA-000-0000","Y","","2012-03-01","S30564","SITE4703"
"AA-AA-000-0000","Y","","2012-03-01","S78305","SITE5611"
"AA-AA-000-0000","N","Withdrew Consent","2012-03-01","S35737","SITE1233"
"AA-AA-000-0000","Y","","2012-03-01","S30394","SITE4671"
"AA-AA-000-0000","N","Protocol Deviation","2012-03-01","S91694","SITE1786"
"AA-AA-000-0000","N","Withdrew Consent","2012-03-01","S69740","SITE4874"
"AA-AA-000-0000","Y","","2012-03-01","S4456","SITE8351"
"AA-AA-000-0000","Y","","2012-03-01","S73984","SITE8625"
"AA-AA-000-0000","Y","","2012-03-01","S63927","SITE4875"
"AA-AA-000-0000","Y","","2012-03-01","S28612","SITE8084"
"AA-AA-000-0000","Y","","2012-03-01","S69909","SITE3319"
"AA-AA-000-0000","Y","","2012-03-01","S28548","SITE3839"
"AA-AA-000-0000","Y","","2012-03-01","S2243","SITE5062"
"AA-AA-000-0000","Y","","2012-03-01","S10259","SITE8768"
"AA-AA-000-0000","Y","","2012-03-01","S10003","SITE022"
"AA-AA-000-0000","Y","","2012-03-01","S79019","SITE7983"
"AA-AA-000-0000","Y","","2012-03-01","S5099","SITE216"
"AA-AA-000-0000","N","Adverse Event","2012-03-01","S36576","SITE2532"
"AA-AA-000-0000","Y","","2012-03-01","S4787","SITE4260"
"AA-AA-000-0000","Y","","2012-03-01","S62875","SITE4874"
"AA-AA-000-0000","Y","","2012-03-01","S91789","SITE1233"
"AA-AA-000-0000","Y","","2012-03-01","S71689","SITE7184"
"AA-AA-000-0000","Y","","2012-03-01","S17055","SITE8799"
"AA-AA-000-0000","Y","","2012-03-01","S31824","SITE7734"
"AA-AA-000-0000","Y","","2012-03-01","S26131","SITE1748"
"AA-AA-000-0000","N","Protocol Deviation","2012-03-01","S1000","SITE4275"
"AA-AA-000-0000","Y","","2012-03-01","S47134","SITE6572"
"AA-AA-000-0000","Y","","2012-03-01","S2517","SITE7208"
"AA-AA-000-0000","Y","","2012-03-01","S97281","SITE8627"
"AA-AA-000-0000","Y","","2012-03-01","S89977","SITE9858"
"AA-AA-000-0000","Y","","2012-03-01","S13100","SITE1910"
"AA-AA-000-0000","N","Adverse Event","2012-03-01","S9553","SITE4028"
"AA-AA-000-0000","Y","","2012-03-01","S21217","SITE8351"
"AA-AA-000-0000","Y","","2012-03-01","S53371","SITE7096"
"AA-AA-000-0000","Y","","2012-03-01","S97832","SITE9395"
"AA-AA-000-0000","N","Withdrew Consent","2012-03-01","S48329","SITE9414"
"AA-AA-000-0000","Y","","2012-03-01","S5842","SITE2170"
"AA-AA-000-0000","N","Withdrew Consent","2012-03-01","S96053","SITE5611"
"AA-AA-000-0000","Y","","2012-03-01","S86180","SITE6184"
"AA-AA-000-0000","Y","","2012-03-01","S89979","SITE3289"
"AA-AA-000-0000","Y","","2012-03-01","S76005","SITE2923"
"AA-AA-000-0000","Y","","2012-03-01","S17026","SITE759"
"AA-AA-000-0000","Y","","2012-03-01","S74139","SITE4590"
"AA-AA-000-0000","Y","","2012-03-01","S13976","SITE5611"
"AA-AA-000-0000","Y","","2012-03-01","S44509","SITE1233"
"AA-AA-000-0000","Y","","2012-03-01","S46121","SITE9661"
"AA-AA-000-0000","Y","","2012-03-01","S67883","SITE4072"
"AA-AA-000-0000","N","Physician Decision","2012-03-01","S71307","SITE4597"
"AA-AA-000-0000","Y","","2012-03-01","S43670","SITE8351"
"AA-AA-000-0000","Y","","2012-03-01","S21522","SITE7860"
"AA-AA-000-0000","Y","","2012-03-01","S76844","SITE3719"
"AA-AA-000-0000","Y","","2012-03-01","S60601","SITE1544"
"AA-AA-000-0000","Y","","2012-03-01","S82873","SITE7004"
"AA-AA-000-0000","N","Withdrew Consent","2012-03-01","S10304","SITE2894"
"AA-AA-000-0000","Y","","2012-03-01","S99904","SITE3871"
"AA-AA-000-0000","Y","","2012-03-01","S71508","SITE4260"
"AA-AA-000-0000","Y","","2012-03-01","S29884","SITE4976"
"AA-AA-000-0000","Y","","2012-03-01","S9356","SITE6991"
"AA-AA-000-0000","Y","","2012-03-01","S58159","SITE3353"
"AA-AA-000-0000","Y","","2012-03-01","S89940","SITE4597"
"AA-AA-000-0000","N","Lost to Follow-Up","2012-03-01","S31987","SITE4543"
"AA-AA-000-0000","Y","","2012-03-01","S74207","SITE213"
"AA-AA-000-0000","Y","","2012-03-01","S28822","SITE3353"
"AA-AA-000-0000","Y","","2012-03-01","S25188","SITE3353"
"AA-AA-000-0000","Y","","2012-03-01","S7372","SITE1727"
"AA-AA-000-0000","Y","","2012-03-01","S25970","SITE2192"
"AA-AA-000-0000","Y","","2012-03-01","S543","SITE8786"
"AA-AA-000-0000","Y","","2012-03-01","S5595","SITE6068"
"AA-AA-000-0000","Y","","2012-03-01","S28309","SITE3909"
"AA-AA-000-0000","Y","","2012-03-01","S95245","SITE6123"
"AA-AA-000-0000","Y","","2012-03-01","S49753","SITE4072"
"AA-AA-000-0000","Y","","2012-03-01","S62607","SITE3871"
"AA-AA-000-0000","Y","","2012-03-01","S26717","SITE6184"
"AA-AA-000-0000","Y","","2012-03-01","S82537","SITE8351"
"AA-AA-000-0000","N","Withdrew Consent","2012-03-01","S91524","SITE3353"
"AA-AA-000-0000","Y","","2012-03-01","S89486","SITE7983"
"AA-AA-000-0000","Y","","2012-03-01","S79759","SITE9414"
"AA-AA-000-0000","Y","","2012-03-01","S92286","SITE1934"
"AA-AA-000-0000","Y","","2012-03-01","S91571","SITE2373"
"AA-AA-000-0000","Y","","2012-03-01","S59662","SITE9395"
"AA-AA-000-0000","Y","","2012-03-01","S92643","SITE7734"
"AA-AA-000-0000","Y","","2012-03-01","S10712","SITE3754"
"AA-AA-000-0000","Y","","2012-03-01","S32005","SITE3871"
"AA-AA-000-0000","Y","","2012-03-01","S62745","SITE3090"
"AA-AA-000-0000","Y","","2012-03-01","S97790","SITE958"
"AA-AA-000-0000","Y","","2012-03-01","S54797","SITE4260"
"AA-AA-000-0000","Y","","2012-03-01","S23523","SITE7809"
"AA-AA-000-0000","Y","","2012-03-01","S61175","SITE7983"
"AA-AA-000-0000","N","Adverse Event","2012-03-01","S48757","SITE3415"
"AA-AA-000-0000","Y","","2012-03-01","S75631","SITE2062"
"AA-AA-000-0000","N","Withdrew Consent","2012-03-01","S4440","SITE4590"
"AA-AA-000-0000","Y","","2012-03-01","S9005","SITE1910"
"AA-AA-000-0000","Y","","2012-03-01","S10799","SITE1102"
"AA-AA-000-0000","Y","","2012-03-01","S53217","SITE8835"
"AA-AA-000-0000","Y","","2012-03-01","S26837","SITE7983"
"AA-AA-000-0000","Y","","2012-03-01","S78779","SITE3839"
"AA-AA-000-0000","Y","","2012-03-01","S58783","SITE9580"
"AA-AA-000-0000","Y","","2012-03-01","S55370","SITE8997"
"AA-AA-000-0000","Y","","2012-03-01","S95918","SITE5033"
"AA-AA-000-0000","Y","","2012-03-01","S12836","SITE4874"
"AA-AA-000-0000","Y","","2012-03-01","S99062","SITE7838"
"AA-AA-000-0000","Y","","2012-03-01","S63061","SITE1727"
"AA-AA-000-0000","Y","","2012-03-01","S31340","SITE4072"
"AA-AA-000-0000","Y","","2012-03-01","S37943","SITE8788"
"AA-AA-000-0000","Y","","2012-03-01","S74044","SITE8627"
"AA-AA-000-0000","Y","","2012-03-01","S46425","SITE2532"
"AA-AA-000-0000","Y","","2012-03-01","S92443","SITE3839"
"AA-AA-000-0000","Y","","2012-03-01","S27498","SITE4744"
"AA-AA-000-0000","Y","","2012-03-01","S74155","SITE3319"
"AA-AA-000-0000","Y","","2012-03-01","S38629","SITE7838"
"AA-AA-000-0000","Y","","2012-03-01","S62897","SITE9884"
"AA-AA-000-0000","Y","","2012-03-01","S26481","SITE2354"
"AA-AA-000-0000","N","Physician Decision","2012-03-01","S10308","SITE9580"
"AA-AA-000-0000","N","Adverse Event","2012-03-01","S10731","SITE5384"
"AA-AA-000-0000","Y","","2012-03-01","S51905","SITE4072"
"AA-AA-000-0000","Y","","2012-03-01","S97620","SITE3938"
"AA-AA-000-0000","Y","","2012-03-01","S97812","SITE3719"
"AA-AA-000-0000","Y","","2012-03-01","S8638","SITE1841"
"AA-AA-000-0000","Y","","2012-03-01","S15149","SITE3081"
"AA-AA-000-0000","N","Physician Decision","2012-03-01","S50437","SITE2894"
"AA-AA-000-0000","Y","","2012-03-01","S75060","SITE9346"
"AA-AA-000-0000","Y","","2012-03-01","S84848","SITE1233"
"AA-AA-000-0000","Y","","2012-03-01","S4201","SITE1786"
"AA-AA-000-0000","Y","","2012-03-01","S74871","SITE9858"
"AA-AA-000-0000","Y","","2012-03-01","S26710","SITE1273"
"AA-AA-000-0000","Y","","2012-03-01","S70286","SITE2170"
"AA-AA-000-0000","Y","","2012-03-01","S30086","SITE9884"
"AA-AA-000-0000","Y","","2012-03-01","S76397","SITE4314"
"AA-AA-000-0000","Y","","2012-03-01","S27114","SITE8768"
"AA-AA-000-0000","Y","","2012-03-01","S13839","SITE1934"
"AA-AA-000-0000","Y","","2012-03-01","S39490","SITE4424"
"AA-AA-000-0000","Y","","2012-03-01","S1505","SITE8764"
"AA-AA-000-0000","Y","","2012-03-01","S21660","SITE7860"
"AA-AA-000-0000","Y","","2012-03-01","S28134","SITE5895"
"AA-AA-000-0000","Y","","2012-03-01","S75216","SITE3759"
"AA-AA-000-0000","Y","","2012-03-01","S97597","SITE2373"
"AA-AA-000-0000","Y","","2012-03-01","S84941","SITE3353"
"AA-AA-000-0000","Y","","2012-03-01","S78360","SITE7184"
"AA-AA-000-0000","Y","","2012-03-01","S26696","SITE8420"
"AA-AA-000-0000","Y","","2012-03-01","S27025","SITE1257"
"AA-AA-000-0000","Y","","2012-03-01","S86977","SITE4629"
"AA-AA-000-0000","Y","","2012-03-01","S30755","SITE8517"
"AA-AA-000-0000","Y","","2012-03-01","S87088","SITE216"
"AA-AA-000-0000","Y","","2012-03-01","S86802","SITE9766"
"AA-AA-000-0000","Y","","2012-03-01","S25574","SITE2894"
"AA-AA-000-0000","Y","","2012-03-01","S21162","SITE5425"
"AA-AA-000-0000","Y","","2012-03-01","S17408","SITE7983"
"AA-AA-000-0000","Y","","2012-04-26","S900001","SITE4629"
"AA-AA-000-0000","Y","","2012-04-26","S900002","SITE8517"
"AA-AA-000-0000","Y","","2012-04-26","S900003","SITE5611"
"AA-AA-000-0000","Y","","2012-04-26","S900004","SITE213"
"AA-AA-000-0000","Y","","2012-04-26","S900005","SITE2532"
