USUBJID,SITEID,ARM,EOSDY,EOSSTT
01-701-1015,701,Placebo,182,COMPLETED
01-701-1023,701,Placebo,29,DISCONTINUED
01-701-1028,701,Xanomeline High Dose,180,COMPLETED
01-701-1033,701,Xanomeline Low Dose,28,DISCONTINUED
01-701-1034,701,Xanomeline High Dose,183,COMPLETED
01-701-1047,701,Placebo,46,DISCONTINUED
01-701-1097,701,Xanomeline Low Dose,190,COMPLETED
01-701-1111,701,Xanomeline Low Dose,11,DISCONTINUED
01-701-1115,701,Xanomeline Low Dose,55,DISCONTINUED
01-701-1118,701,Placebo,182,COMPLETED
01-701-1130,701,Placebo,183,COMPLETED
01-701-1133,701,Xanomeline High Dose,184,COMPLETED
01-701-1146,701,Xanomeline High Dose,42,DISCONTINUED
01-701-1148,701,Xanomeline High Dose,182,COMPLETED
01-701-1153,701,Placebo,191,COMPLETED
01-701-1180,701,Xanomeline High Dose,40,DISCONTINUED
01-701-1181,701,Xanomeline Low Dose,8,DISCONTINUED
01-701-1188,701,Xanomeline Low Dose,39,DISCONTINUED
01-701-1192,701,Xanomeline Low Dose,183,COMPLETED
01-701-1203,701,Placebo,183,COMPLETED
01-701-1211,701,Xanomeline Low Dose,61,DISCONTINUED
01-701-1234,701,Placebo,177,COMPLETED
01-701-1239,701,Xanomeline High Dose,182,COMPLETED
01-701-1275,701,Xanomeline High Dose,128,DISCONTINUED
01-701-1287,701,Xanomeline High Dose,183,COMPLETED
01-701-1294,701,Xanomeline Low Dose,83,DISCONTINUED
01-701-1302,701,Xanomeline High Dose,69,DISCONTINUED
01-701-1317,701,Xanomeline Low Dose,183,COMPLETED
01-701-1324,701,Xanomeline Low Dose,183,COMPLETED
01-701-1341,701,Xanomeline Low Dose,34,DISCONTINUED
01-701-1345,701,Placebo,162,DISCONTINUED
01-701-1360,701,Xanomeline Low Dose,15,DISCONTINUED
01-701-1363,701,Placebo,182,COMPLETED
01-701-1383,701,Xanomeline High Dose,184,COMPLETED
01-701-1387,701,Placebo,14,DISCONTINUED
01-701-1392,701,Placebo,183,COMPLETED
01-701-1415,701,Placebo,183,COMPLETED
01-701-1429,701,Xanomeline Low Dose,43,DISCONTINUED
01-701-1440,701,Placebo,182,COMPLETED
01-701-1442,701,Xanomeline Low Dose,183,COMPLETED
01-701-1444,701,Xanomeline High Dose,40,DISCONTINUED
01-702-1082,702,Xanomeline Low Dose,115,DISCONTINUED
01-703-1042,703,Placebo,183,COMPLETED
01-703-1076,703,Xanomeline High Dose,61,DISCONTINUED
01-703-1086,703,Xanomeline Low Dose,114,DISCONTINUED
01-703-1096,703,Placebo,64,DISCONTINUED
01-703-1100,703,Placebo,186,COMPLETED
01-703-1119,703,Xanomeline Low Dose,114,DISCONTINUED
01-703-1175,703,Placebo,12,DISCONTINUED
01-703-1182,703,Xanomeline Low Dose,57,DISCONTINUED
01-703-1197,703,Xanomeline Low Dose,37,DISCONTINUED
01-703-1210,703,Placebo,175,COMPLETED
01-703-1258,703,Xanomeline High Dose,186,DISCONTINUED
01-703-1279,703,Xanomeline Low Dose,41,DISCONTINUED
01-703-1295,703,Xanomeline High Dose,180,DISCONTINUED
01-703-1299,703,Placebo,183,COMPLETED
01-703-1335,703,Xanomeline High Dose,69,DISCONTINUED
01-703-1379,703,Xanomeline Low Dose,181,COMPLETED
01-703-1403,703,Xanomeline Low Dose,8,DISCONTINUED
01-703-1439,703,Xanomeline High Dose,184,COMPLETED
01-704-1008,704,Xanomeline High Dose,44,DISCONTINUED
01-704-1009,704,Xanomeline Low Dose,37,DISCONTINUED
01-704-1010,704,Placebo,139,DISCONTINUED
01-704-1017,704,Xanomeline High Dose,50,DISCONTINUED
01-704-1025,704,Xanomeline Low Dose,64,DISCONTINUED
01-704-1065,704,Xanomeline High Dose,62,DISCONTINUED
01-704-1074,704,Xanomeline High Dose,69,DISCONTINUED
01-704-1093,704,Xanomeline High Dose,98,DISCONTINUED
01-704-1114,704,Xanomeline Low Dose,167,DISCONTINUED
01-704-1120,704,Xanomeline Low Dose,64,DISCONTINUED
01-704-1127,704,Placebo,181,COMPLETED
01-704-1135,704,Xanomeline Low Dose,198,COMPLETED
01-704-1164,704,Placebo,198,COMPLETED
01-704-1218,704,Xanomeline Low Dose,190,COMPLETED
01-704-1233,704,Placebo,116,DISCONTINUED
01-704-1241,704,Xanomeline High Dose,68,DISCONTINUED
01-704-1260,704,Placebo,142,DISCONTINUED
01-704-1266,704,Xanomeline High Dose,55,DISCONTINUED
01-704-1323,704,Xanomeline Low Dose,32,DISCONTINUED
01-704-1325,704,Xanomeline Low Dose,106,DISCONTINUED
01-704-1332,704,Xanomeline High Dose,70,DISCONTINUED
01-704-1351,704,Placebo,189,COMPLETED
01-704-1388,704,Placebo,195,COMPLETED
01-704-1435,704,Placebo,57,DISCONTINUED
01-704-1445,704,Placebo,175,DISCONTINUED
01-705-1018,705,Placebo,8,DISCONTINUED
01-705-1031,705,Xanomeline Low Dose,166,DISCONTINUED
01-705-1059,705,Placebo,123,DISCONTINUED
01-705-1186,705,Placebo,31,DISCONTINUED
01-705-1199,705,Xanomeline Low Dose,14,DISCONTINUED
01-705-1280,705,Xanomeline High Dose,190,COMPLETED
01-705-1281,705,Xanomeline High Dose,110,DISCONTINUED
01-705-1282,705,Placebo,181,COMPLETED
01-705-1292,705,Xanomeline Low Dose,213,COMPLETED
01-705-1303,705,Xanomeline High Dose,169,DISCONTINUED
01-705-1310,705,Xanomeline High Dose,83,DISCONTINUED
01-705-1349,705,Placebo,183,COMPLETED
01-705-1377,705,Xanomeline High Dose,63,DISCONTINUED
01-705-1382,705,Xanomeline Low Dose,1,DISCONTINUED
01-705-1393,705,Xanomeline Low Dose,167,DISCONTINUED
01-705-1431,705,Xanomeline Low Dose,180,COMPLETED
01-706-1041,706,Placebo,211,COMPLETED
01-706-1049,706,Xanomeline High Dose,43,DISCONTINUED
01-706-1384,706,Xanomeline Low Dose,15,DISCONTINUED
01-707-1037,707,Xanomeline Low Dose,20,DISCONTINUED
01-707-1206,707,Placebo,182,COMPLETED
01-708-1019,708,Xanomeline Low Dose,35,DISCONTINUED
01-708-1032,708,Xanomeline Low Dose,29,DISCONTINUED
01-708-1084,708,Xanomeline Low Dose,187,COMPLETED
01-708-1087,708,Placebo,189,COMPLETED
01-708-1158,708,Placebo,43,DISCONTINUED
01-708-1171,708,Placebo,181,COMPLETED
01-708-1178,708,Xanomeline High Dose,99,DISCONTINUED
01-708-1213,708,Xanomeline Low Dose,18,DISCONTINUED
01-708-1216,708,Xanomeline High Dose,44,DISCONTINUED
01-708-1236,708,Xanomeline Low Dose,6,DISCONTINUED
01-708-1253,708,Placebo,183,COMPLETED
01-708-1272,708,Xanomeline Low Dose,58,DISCONTINUED
01-708-1286,708,Placebo,180,COMPLETED
01-708-1296,708,Placebo,182,COMPLETED
01-708-1297,708,Xanomeline Low Dose,104,DISCONTINUED
01-708-1316,708,Placebo,191,COMPLETED
01-708-1336,708,Xanomeline High Dose,181,COMPLETED
01-708-1342,708,Placebo,182,COMPLETED
01-708-1347,708,Xanomeline High Dose,60,DISCONTINUED
01-708-1348,708,Xanomeline Low Dose,193,COMPLETED
01-708-1353,708,Xanomeline Low Dose,69,DISCONTINUED
01-708-1372,708,Xanomeline Low Dose,29,DISCONTINUED
01-708-1378,708,Placebo,148,DISCONTINUED
01-708-1406,708,Xanomeline High Dose,189,COMPLETED
01-708-1428,708,Xanomeline Low Dose,84,DISCONTINUED
01-709-1001,709,Placebo,183,COMPLETED
01-709-1007,709,Xanomeline Low Dose,33,DISCONTINUED
01-709-1020,709,Xanomeline Low Dose,183,COMPLETED
01-709-1029,709,Xanomeline High Dose,184,COMPLETED
01-709-1081,709,Xanomeline Low Dose,113,DISCONTINUED
01-709-1088,709,Placebo,181,COMPLETED
01-709-1099,709,Xanomeline High Dose,183,COMPLETED
01-709-1102,709,Xanomeline Low Dose,76,DISCONTINUED
01-709-1168,709,Xanomeline High Dose,57,DISCONTINUED
01-709-1217,709,Xanomeline Low Dose,114,DISCONTINUED
01-709-1238,709,Xanomeline High Dose,85,DISCONTINUED
01-709-1259,709,Placebo,139,DISCONTINUED
01-709-1285,709,Xanomeline Low Dose,69,DISCONTINUED
01-709-1301,709,Placebo,183,COMPLETED
01-709-1306,709,Placebo,143,DISCONTINUED
01-709-1309,709,Xanomeline High Dose,184,COMPLETED
01-709-1312,709,Placebo,183,COMPLETED
01-709-1326,709,Xanomeline Low Dose,181,COMPLETED
01-709-1329,709,Xanomeline Low Dose,15,DISCONTINUED
01-709-1339,709,Placebo,184,COMPLETED
01-709-1424,709,Xanomeline Low Dose,6,DISCONTINUED
01-710-1002,710,Xanomeline Low Dose,5,DISCONTINUED
01-710-1006,710,Xanomeline High Dose,182,COMPLETED
01-710-1021,710,Xanomeline High Dose,47,DISCONTINUED
01-710-1027,710,Placebo,183,COMPLETED
01-710-1045,710,Xanomeline Low Dose,76,DISCONTINUED
01-710-1053,710,Xanomeline Low Dose,52,DISCONTINUED
01-710-1060,710,Placebo,186,COMPLETED
01-710-1070,710,Xanomeline High Dose,169,DISCONTINUED
01-710-1077,710,Placebo,183,COMPLETED
01-710-1078,710,Placebo,188,COMPLETED
01-710-1083,710,Placebo,12,DISCONTINUED
01-710-1137,710,Xanomeline High Dose,34,DISCONTINUED
01-710-1142,710,Xanomeline High Dose,22,DISCONTINUED
01-710-1154,710,Xanomeline Low Dose,42,DISCONTINUED
01-710-1166,710,Xanomeline Low Dose,121,DISCONTINUED
01-710-1183,710,Placebo,183,COMPLETED
01-710-1187,710,Xanomeline High Dose,184,COMPLETED
01-710-1235,710,Xanomeline Low Dose,183,COMPLETED
01-710-1249,710,Xanomeline High Dose,183,COMPLETED
01-710-1264,710,Placebo,122,DISCONTINUED
01-710-1270,710,Xanomeline Low Dose,18,DISCONTINUED
01-710-1271,710,Placebo,67,DISCONTINUED
01-710-1278,710,Xanomeline High Dose,70,DISCONTINUED
01-710-1300,710,Xanomeline Low Dose,67,DISCONTINUED
01-710-1314,710,Placebo,32,DISCONTINUED
01-710-1315,710,Placebo,140,DISCONTINUED
01-710-1354,710,Xanomeline High Dose,172,COMPLETED
01-710-1358,710,Xanomeline Low Dose,177,DISCONTINUED
01-710-1368,710,Placebo,184,COMPLETED
01-710-1385,710,Xanomeline Low Dose,113,DISCONTINUED
01-710-1408,710,Xanomeline High Dose,189,COMPLETED
01-711-1012,711,Xanomeline High Dose,30,DISCONTINUED
01-711-1036,711,Placebo,197,COMPLETED
01-711-1143,711,Xanomeline Low Dose,60,DISCONTINUED
01-711-1433,711,Xanomeline Low Dose,11,DISCONTINUED
01-713-1043,713,Xanomeline Low Dose,191,COMPLETED
01-713-1073,713,Xanomeline Low Dose,190,COMPLETED
01-713-1106,713,Xanomeline High Dose,188,COMPLETED
01-713-1141,713,Xanomeline High Dose,68,DISCONTINUED
01-713-1179,713,Placebo,181,COMPLETED
01-713-1209,713,Xanomeline High Dose,180,COMPLETED
01-713-1256,713,Placebo,188,COMPLETED
01-713-1269,713,Placebo,183,COMPLETED
01-713-1448,713,Xanomeline Low Dose,119,DISCONTINUED
01-714-1035,714,Placebo,183,COMPLETED
01-714-1068,714,Xanomeline Low Dose,70,DISCONTINUED
01-714-1195,714,Xanomeline Low Dose,181,COMPLETED
01-714-1288,714,Xanomeline High Dose,196,COMPLETED
01-714-1375,714,Placebo,194,COMPLETED
01-714-1425,714,Xanomeline Low Dose,8,DISCONTINUED
01-715-1085,715,Xanomeline Low Dose,184,COMPLETED
01-715-1107,715,Xanomeline Low Dose,77,DISCONTINUED
01-715-1155,715,Placebo,135,DISCONTINUED
01-715-1207,715,Placebo,196,COMPLETED
01-715-1319,715,Xanomeline High Dose,30,DISCONTINUED
01-715-1321,715,Xanomeline High Dose,71,DISCONTINUED
01-715-1397,715,Placebo,184,COMPLETED
01-715-1405,715,Xanomeline Low Dose,8,DISCONTINUED
01-716-1024,716,Placebo,196,COMPLETED
01-716-1026,716,Placebo,198,COMPLETED
01-716-1030,716,Xanomeline Low Dose,14,DISCONTINUED
01-716-1044,716,Placebo,191,COMPLETED
01-716-1063,716,Xanomeline Low Dose,112,DISCONTINUED
01-716-1071,716,Xanomeline High Dose,55,DISCONTINUED
01-716-1094,716,Xanomeline Low Dose,39,DISCONTINUED
01-716-1103,716,Xanomeline Low Dose,185,COMPLETED
01-716-1108,716,Placebo,180,COMPLETED
01-716-1151,716,Xanomeline Low Dose,127,DISCONTINUED
01-716-1157,716,Xanomeline Low Dose,186,COMPLETED
01-716-1160,716,Placebo,190,COMPLETED
01-716-1167,716,Xanomeline Low Dose,188,COMPLETED
01-716-1177,716,Placebo,185,COMPLETED
01-716-1189,716,Xanomeline High Dose,146,DISCONTINUED
01-716-1229,716,Xanomeline High Dose,42,DISCONTINUED
01-716-1298,716,Xanomeline Low Dose,90,DISCONTINUED
01-716-1308,716,Placebo,41,DISCONTINUED
01-716-1311,716,Xanomeline Low Dose,140,DISCONTINUED
01-716-1364,716,Xanomeline High Dose,190,COMPLETED
01-716-1373,716,Xanomeline High Dose,77,DISCONTINUED
01-716-1418,716,Xanomeline High Dose,200,COMPLETED
01-716-1441,716,Placebo,182,COMPLETED
01-716-1447,716,Xanomeline High Dose,184,COMPLETED
01-717-1004,717,Xanomeline Low Dose,184,COMPLETED
01-717-1109,717,Xanomeline High Dose,183,COMPLETED
01-717-1174,717,Xanomeline High Dose,184,COMPLETED
01-717-1201,717,Placebo,65,DISCONTINUED
01-717-1344,717,Placebo,63,DISCONTINUED
01-717-1357,717,Xanomeline High Dose,173,DISCONTINUED
01-717-1446,717,Xanomeline Low Dose,185,COMPLETED
01-718-1066,718,Xanomeline Low Dose,24,DISCONTINUED
01-718-1079,718,Xanomeline Low Dose,49,DISCONTINUED
01-718-1101,718,Xanomeline High Dose,167,DISCONTINUED
01-718-1139,718,Placebo,183,COMPLETED
01-718-1150,718,Placebo,194,COMPLETED
01-718-1170,718,Xanomeline Low Dose,49,DISCONTINUED
01-718-1172,718,Placebo,70,DISCONTINUED
01-718-1250,718,Xanomeline Low Dose,141,DISCONTINUED
01-718-1254,718,Xanomeline Low Dose,184,COMPLETED
01-718-1328,718,Xanomeline High Dose,90,DISCONTINUED
01-718-1355,718,Placebo,183,COMPLETED
01-718-1371,718,Xanomeline High Dose,105,DISCONTINUED
01-718-1427,718,Xanomeline High Dose,64,DISCONTINUED
